"","subj","gender","mem_pre","vis_pre","gdp_pre","cal_pre","mem_post","vis_post","gdp_post","cal_post","avg_pre","avg_post","mem_acc","mem_conf","mem_rt","vis_acc","vis_conf","vis_rt","gdp_acc","gdp_conf","gdp_rt","cal_acc","cal_conf","cal_rt","avg_acc","avg_conf","avg_rt"
"1",1,"Feminin",70,60,60,70,75,60,65,75,65,68.75,0.88,4.53535353535354,2.44062201052596,0.715,3.27638190954774,1.35658487300001,0.702127659574468,3.81521739130435,2.38022448723396,0.716981132075472,4.81904761904762,2.68299560660383,0.753527197912485,4.11150011381331,2.21510674434094
"2",2,"Feminin",45,85,35,60,35,70,20,80,56.25,51.25,0.77,4.42,1.8484950395,0.735,5.135,0.992722457000025,0.659090909090909,4.05681818181818,2.67951920000003,0.696428571428571,5.6,2.59845674910716,0.71512987012987,4.80295454545455,2.0297983614018
"3",3,"Masculin",67,50,52,37,23,95,60,40,51.5,54.5,0.605,4.55,0.763870845819272,0.69,6.575,0.448555118000031,0.711538461538462,5.85576923076923,2.52727697573898,0.71875,5.8125,2.20447419277195,0.681322115384615,5.69831730769231,1.48604428308256
"4",4,"Feminin",60,90,60,70,65,60,40,50,70,53.75,0.72,3.96482412060302,1.71934799299998,0.725,3.905,0.831844325000015,0.675925925925926,4.82857142857143,1.66249091974537,0.717391304347826,5.43478260869565,1.5196667604549,0.709579307568438,4.53329453946752,1.43333749955007
"5",5,"Feminin",80,75,45,70,60,55,30,40,67.5,46.25,0.855,4.16,1.53147545997357,0.725,3.765,1.15576581250006,0.701149425287356,4.1264367816092,1.28391948116203,0.690265486725664,5.29203539823009,1.53679429240111,0.742853728003255,4.33586804495982,1.37698876150919
"6",6,"Masculin",85,60,85,75,80,70,65,80,76.25,73.75,0.825,4.6010101010101,2.93626163149999,0.71,3.77157360406091,1.51089602000001,0.7,4.33333333333333,3.38354459031835,0.690909090909091,5.28440366972477,3.43625468005521,0.731477272727273,4.49758017703228,2.81673923046839
"7",7,"Masculin",50,50,60,70,50,60,70,70,57.5,62.5,0.595,4.85333333333333,1.30897304203691,0.705,4.91457286432161,0.549958777999996,0.693069306930693,4.84158415841584,1.22014136534654,0.636363636363636,4.94949494949495,1.24050553939398,0.657358235823582,4.88974632639143,1.07989468119436
"8",8,"Masculin",65,75,50,80,80,75,40,80,67.5,68.75,0.875,5.415,1.50883035150003,0.73,4.145,1.12287279549999,0.683673469387755,4.31632653061224,2.0189483989796,0.725490196078431,5.23529411764706,3.05786950686272,0.753540916366547,4.77790516206483,1.92713026321058
"9",9,"Feminin",25,40,30,60,25,30,25,25,38.75,26.25,0.595,4.06,1.58851364131661,0.725,3.43718592964824,0.89569467950003,0.679245283018868,3.16190476190476,1.98937288346677,0.680851063829787,5.8936170212766,1.58878659117505,0.670024086712164,4.1381769282074,1.51559194886462
"10",10,"Feminin",60,60,65,65,55,60,64,70,62.5,62.25,0.805,3.955,1.06340169449999,0.725,3.375,0.688472073499975,0.711340206185567,3.68041237113402,1.79581844471651,0.737864077669903,4.94059405940594,1.78253798849373,0.744801070963867,3.98775160763499,1.33255755030255
"11",11,"Masculin",70,50,80,70,68,65,70,65,67.5,67,0.815,5.03535353535354,2.18081100476773,0.7,3.38,1.13180921849999,0.704081632653061,3.38144329896907,3.33224904233532,0.715686274509804,4.54455445544554,3.10482567489179,0.733691976790716,4.08533782244204,2.4374237351237
"12",12,"Feminin",85,80,70,90,30,80,60,75,81.25,61.25,0.755,3.93467336683417,2.0865194305,0.73,4.89949748743719,0.912984771000024,0.747474747474748,4.52577319587629,2.43922136363634,0.752475247524752,5.1980198019802,2.55908332871291,0.746237498749875,4.63949096303196,1.99945222346232
"13",13,"Feminin",70,60,80,70,50,40,40,60,70,47.5,0.83,4.41116751269035,2.66132871382183,0.735,4.23,1.39699046650001,0.717171717171717,3.63265306122449,2.74821845858582,0.712871287128713,4.93,2.88068624752468,0.748760751075108,4.30095514347871,2.42180597160809
"14",14,"Feminin",78,86,65,74,91,84,39,46,75.75,65,0.885,4.85,1.3954676475,0.725,4.905,0.766887752000009,0.699029126213592,4.87378640776699,2.65720109320395,0.701030927835051,5.67010309278351,2.28052676597938,0.752515013512161,5.07472237513762,1.77502081467084
"15",15,"Masculin",25,20,85,68,10,20,60,70,49.5,40,0.715,4.36,2.05115624412476,0.715,4.45226130653266,1.0186058715,0.690721649484536,5.11458333333333,2.27010932938151,0.747572815533981,5.87254901960784,2.57226315407313,0.717073616254629,4.94984841486846,1.97803364976985
"16",16,"Feminin",90,70,50,70,50,50,40,70,70,52.5,0.785,3.975,1.97553159049997,0.715,2.65,0.936562643499997,0.65979381443299,2.05154639175258,1.50277019096264,0.728155339805825,6.2621359223301,1.7026350579398,0.721987288559704,3.73467057852067,1.5293748707256
"17",17,"Masculin",40,20,5,5,50,60,25,10,17.5,36.25,0.765,3.6,2.1104469490255,0.675,4.23618090452261,0.715923020999976,0.734513274336283,3.84070796460177,1.46500699949033,0.701149425287356,4.83908045977012,1.8616895696226,0.71891567490591,4.12899233222362,1.5382666347846
"18",18,"Masculin",75,85,80,75,80,50,70,50,78.75,62.5,0.785,5.075,1.18304943550002,0.69,4.42211055276382,1.23716373050005,0.654545454545455,4.11818181818182,1.34386728298963,0.611111111111111,4.22222222222222,1.65486983383609,0.685164141414141,4.45937864829197,1.35473757070645
"19",19,"Feminin",40,60,60,60,40,50,40,60,55,47.5,0.77,4.925,1.31108994057828,0.71,4.855,0.671617682999995,0.747474747474748,5.49494949494949,1.67152888787876,0.673267326732673,6,1.36433199207918,0.725185518551855,5.31873737373737,1.25464212588405
"20",20,"Feminin",75,60,80,70,80,70,55,90,71.25,73.75,0.905,5.22,1.06053449299998,0.745,2.84,0.659464959499978,0.657407407407407,4.15740740740741,1.45910469722217,0.728260869565217,5.33695652173913,2.34551595978258,0.758917069243156,4.38859098228663,1.38115502737618
"21",21,"Feminin",80,70,50,60,30,50,50,80,65,52.5,0.705,3.33668341708543,2.08771128918926,0.73,2.55276381909548,0.918234599499979,0.692307692307692,3.44660194174757,2.49151301264083,0.71875,5.35789473684211,2.56618227734024,0.711514423076923,3.67348597869265,2.01591029466758
"22",22,"Masculin",78,85,90,85,85,70,88,78,84.5,80.25,0.865,5.75376884422111,2.16318452399999,0.74,4.61,1.35892691850001,0.689655172413793,5.8735632183908,2.00805713913219,0.725663716814159,5.75454545454545,3.22687154327368,0.755079722306988,5.49796937928934,2.18926003122647
"23",23,"Feminin",60,35,65,65,10,10,40,40,56.25,25,0.785,3.76571428571429,4.40874908463857,0.725,3.975,1.05481213499996,0.676190476190476,4.80769230769231,3.20041743899661,0.694736842105263,5.83157894736842,4.1689865183426,0.720231829573935,4.59499638519375,3.20824129424444
"24",24,"Masculin",75,80,75,85,94,60,87,70,78.75,77.75,0.945,6.035,1.30164610100001,0.725,3.98,1.30477858200001,0.730769230769231,5.67961165048544,1.71068020096159,0.71875,6,2.72198626145837,0.779879807692308,5.42365291262136,1.75977278635499
"25",25,"Masculin",85,85,75,60,60,50,50,75,76.25,58.75,0.815,3.97,2.4367931936554,0.715,3.49,0.961873248000024,0.696969696969697,3.56122448979592,2.00871298585859,0.762376237623762,5.12,2.11094270396038,0.747336483648365,4.03530612244898,1.8795805328686
"26",26,"Masculin",50,70,50,70,60,65,60,80,60,66.25,0.74,4.06,1.64414810299997,0.72,4.435,1.29610473749998,0.712962962962963,2.72222222222222,2.67217283796297,0.739130434782609,5.76086956521739,2.83228113695652,0.728023349436393,4.2445229468599,2.11117670385486
"27",27,"Feminin",60,70,50,70,60,50,30,70,62.5,52.5,0.715,3.97989949748744,3.08890055801977,0.705,4.365,1.05203415449999,0.616161616161616,2.71428571428571,5.01132078412934,0.722772277227723,5.64646464646465,4.89333655325857,0.689733473347335,4.17641246455945,3.51139801247692
"28",28,"Feminin",60,55,50,70,30,50,55,55,58.75,47.5,0.565,4.33,0.927624249000069,0.755,5.79,0.963180173500009,0.705882352941177,5.3960396039604,3.39989590223406,0.744897959183674,5.375,3.22325567071667,0.692695078031212,5.2227599009901,2.1284889988627
"29",29,"Feminin",30,40,70,80,40,40,30,50,55,40,0.67,4.03508771929825,1.40573767054727,0.73,3.90355329949239,1.00579427450002,0.71264367816092,3.47126436781609,2.032533261594,0.699115044247788,5.27927927927928,1.99675917681805,0.702939680602177,4.1722961664715,1.61020609586484
"30",30,"Feminin",50,50,40,60,60,45,25,50,50,45,0.815,5.48730964467005,1.2691672015,0.71,4.47208121827411,0.874691616499981,0.740384615384615,4.37864077669903,2.05816256346154,0.697916666666667,4.40625,2.34363020729168,0.74082532051282,4.6860704099108,1.6364128971883
"31",31,"Masculin",85,85,85,70,52,75,90,80,81.25,74.25,0.74,4.36312849162011,2.37525953953656,0.715,3.595,1.20690047549999,0.672727272727273,4.77981651376147,1.57276302090911,0.7,5.26666666666667,1.84277345222226,0.706931818181818,4.50115291801206,1.74942412204198
"32",32,"Masculin",90,80,80,95,40,90,75,98,86.25,75.75,0.58,5.21,1.38621552949999,0.715,4.66331658291457,0.855163680000007,0.705263157894737,5.13684210526316,2.22982777368422,0.723809523809524,6.40952380952381,1.96160153238098,0.681018170426065,5.35492062442539,1.6082021288913
"33",33,"Feminin",70,90,60,85,30,70,60,80,76.25,60,0.6,2.35,1.72450343458737,0.735,4.395,0.634091685499957,0.691588785046729,4.21495327102804,1.5299835636227,0.720430107526882,5.51612903225806,1.79472467270576,0.686754723143403,4.11902057582153,1.42082583910394
"34",34,"Feminin",50,50,60,75,65,75,55,85,58.75,70,0.715,4.285,1.20678978599998,0.74,4.54,0.687834293999997,0.703296703296703,4.31868131868132,1.70815844312939,0.697247706422018,5.36697247706422,1.82431421390433,0.71388610242968,4.62766344893639,1.35677418425842
"35",35,"Feminin",50,40,50,60,60,30,30,60,50,45,0.805,4.7035175879397,2.45372284942065,0.635,4.64824120603015,0.820705840500004,0.6875,3.875,2.61854722221308,0.673076923076923,5.71844660194175,2.04889953647898,0.700144230769231,4.7363013489779,1.98546886215318
"36",36,"Masculin",70,75,90,60,80,75,90,80,73.75,81.25,0.85,4.75,1.72634230000002,0.72,4.10050251256281,1.28541953650001,0.747368421052632,5.3010752688172,3.13012648526321,0.704761904761905,5.04761904761905,2.86437127904768,0.755532581453634,4.79979920724977,2.25156490020273
"37",37,"Feminin",70,50,80,80,75,80,60,60,70,68.75,0.855,4.07537688442211,1.52912560521165,0.7,4.32,0.806664739000018,0.730769230769231,4.77669902912621,4.04503688269233,0.708333333333333,5.20833333333333,2.89545598229164,0.748525641025641,4.59510231172041,2.31907080229891
"38",38,"Masculin",75,80,65,85,90,60,60,75,76.25,71.25,0.925,5.665,1.46329651900001,0.71,3.865,0.750267602500003,0.724489795918367,4,2.19526272142858,0.656862745098039,5.68627450980392,1.85220661078429,0.754088135254102,4.80406862745098,1.56525836342822
"39",39,"Masculin",90,90,90,90,55,70,55,76,90,64,0.6,5.50251256281407,1.2638676592193,0.765,6.3,0.670334799499983,0.650943396226415,5.07547169811321,1.51248204302614,0.702127659574468,5.69148936170213,1.49370423527864,0.679517763950221,5.64236840565735,1.23509718425602
"40",40,"Feminin",60,68,50,70,40,50,45,60,62,48.75,0.795,4.48,1.75554454399999,0.72,4.19597989949749,0.626362439499974,0.715596330275229,4.12844036697248,2.60148729449312,0.725274725274725,6.28571428571429,2.53840003588411,0.738967763887489,4.77253363804606,1.8804485784693
"41",41,"Masculin",80,90,90,80,70,90,80,70,85,77.5,0.81,4.83422459893048,1.30857967621334,0.725,4.73,0.565090045500006,0.696969696969697,3.85858585858586,1.01525399599878,0.702970297029703,5.7029702970297,0.969035920197086,0.73373499849985,4.78144518863651,0.964489909477304
"42",42,"Masculin",65,80,50,50,60,69,25,85,61.25,59.75,0.745,5.24623115577889,1.42782178049998,0.7,4.62311557788945,0.984577123999973,0.645454545454546,4.41818181818182,1.02683701588531,0.666666666666667,5.34444444444444,1.24975105065425,0.689280303030303,4.90799324907365,1.17224674275988
"43",43,"Feminin",60,60,40,70,10,50,5,50,57.5,28.75,0.545,1.18518518518519,3.0532711533332,0.73,1.855,1.34066896200001,0.711340206185567,1.22680412371134,1.83031285979375,0.718446601941748,2.6504854368932,2.9861835388349,0.676196702031829,1.72936868644743,2.30260912849047
"44",44,"Feminin",80,85,50,65,65,60,50,55,70,57.5,0.72,4.21319796954315,1.74880054900001,0.7,3.96969696969697,0.982262005999984,0.626168224299065,3.80582524271845,1.68666504859815,0.720430107526882,5.20879120879121,2.4525059655914,0.691649582956487,4.29937784768744,1.71755839229739
"45",45,"Feminin",60,80,50,50,60,80,40,70,60,62.5,0.675,4.61,1.19140349350501,0.72,5.265,0.614954909500034,0.712962962962963,5.15740740740741,1.62865174717769,0.717391304347826,5.8695652173913,1.56624547882202,0.706338566827697,5.22549315619968,1.25031390725119
"46",46,"Feminin",55,45,40,45,60,50,35,40,46.25,46.25,0.855,5.26130653266332,1.89730715199999,0.735,3.8894472361809,0.885245110500014,0.742268041237113,3.96875,2.46866113059277,0.737864077669903,4.18627450980392,2.28557193282663,0.767533029726754,4.32644456966204,1.88419633147985
"47",47,"Masculin",70,45,50,33,50,70,60,50,49.5,57.5,0.69,4.16582914572864,2.05619699061723,0.73,5.08,1.1388260525,0.75,5.14583333333333,2.59352504696511,0.663461538461538,4.28846153846154,3.79309019567267,0.708365384615385,4.67003100438088,2.39540957143875
"48",48,"Masculin",7,85,86,80,70,75,50,67,64.5,65.5,0.75,5.35678391959799,1.66477476850001,0.72,5.50753768844221,0.795547469499983,0.747572815533981,5.2621359223301,2.46446196699029,0.721649484536082,5.91752577319588,1.53427689587627,0.734805575017516,5.51099582589154,1.61476527521664
"49",49,"Masculin",80,80,60,60,85,60,65,65,70,68.75,0.875,5.86934673366834,1.75012902626192,0.72,4.29,0.947577918999982,0.717171717171717,4.23232323232323,2.7620018292929,0.584158415841584,5.44554455445545,2.16373333762377,0.724082533253325,4.95930363011176,1.90586052804464
"50",50,"Masculin",75,80,80,75,35,80,65,85,77.5,66.25,0.665,3.86,1.58967911300003,0.72,5.15,0.745978974999983,0.696428571428571,4.50892857142857,2.30390895535716,0.738636363636364,6.01136363636364,2.56437330909093,0.705016233766234,4.88257305194805,1.80098508811203
"51",51,"Feminin",80,80,50,60,60,60,70,50,67.5,60,0.79,5.04522613065327,2.05957410426027,0.745,4.19191919191919,1.398702976,0.712962962962963,5.87735849056604,2.43843929551208,0.728260869565217,5.77777777777778,2.67268075871397,0.744055958132045,5.22307039772907,2.14234928362158
"52",52,"Masculin",80,90,75,75,45,75,80,80,80,70,0.72,3.955,1.58987539100003,0.715,3.875,1.02390592500002,0.690721649484536,4.23711340206186,2.130519987028,0.718446601941748,5.42718446601942,1.59809572004475,0.711042062856571,4.37357446702032,1.5855992557682
"53",54,"Feminin",54,12,64,80,90,62,50,60,52.5,65.5,0.855,5.355,1.62242733700001,0.72,4.52,1.16022781150002,0.683168316831683,2.65346534653465,2.57149961881185,0.717171717171717,4.23232323232323,2.89492253737372,0.74383500850085,4.19019714471447,2.0622693261714
"54",55,"Feminin",70,70,30,50,90,55,55,80,55,70,0.85,5.615,1.38378611880252,0.74,4.66,0.742801929999982,0.715596330275229,4.6697247706422,1.68488098165132,0.703296703296703,5.79120879120879,1.60918149450546,0.752223258392983,5.18398339046275,1.35516263123982
"55",56,"Feminin",60,70,50,60,70,70,40,60,60,60,0.83,4.985,1.84368668800002,0.715,5.245,0.756718298000008,0.762886597938144,3.75257731958763,3.67634475773193,0.747572815533981,5,2.50559610776698,0.763864853368031,4.74564432989691,2.19558646287473
"56",57,"Feminin",90,95,75,89,50,25,50,80,87.25,51.25,0.765,4.25,1.6017247807947,0.74,2.1356783919598,0.940267505999987,0.72972972972973,4.45871559633028,2.51329785019721,0.674157303370786,5.26966292134831,2.10007896772044,0.727221758275129,4.0285142274096,1.78884227617808
"57",58,"Feminin",80,60,70,90,90,60,60,75,75,71.25,0.93,5.65,1.63411184350002,0.7,4.565,0.782342811500012,0.736263736263736,4.18681318681319,2.38389093347782,0.715596330275229,5.75700934579439,2.23288816348799,0.770465016634741,5.0397056331519,1.75830843799146
"58",60,"Feminin",70,84,24,42,67,53,21,64,55,51.25,0.865,5.08542713567839,1.34883839050004,0.72,3.55778894472362,0.870365603500006,0.669565217391304,3.09565217391304,1.3020577573913,0.741176470588235,4.49411764705882,2.02374693882354,0.748935421994885,4.05824647534347,1.38625217255372
"59",61,"Feminin",45,40,65,65,50,55,50,60,53.75,53.75,0.67,4.87437185929648,1.09205813097406,0.71,5.36180904522613,0.606004971999978,0.663461538461538,6.10576923076923,1.94699467403839,0.729166666666667,6.34375,1.51972798958334,0.693157051282051,5.67142503382296,1.29119644164894
"60",62,"Feminin",65,70,60,75,60,80,50,90,67.5,70,0.675,4.23,1.24251678400001,0.715,4.31155778894472,0.989194569499998,0.762376237623762,4.02,1.73113749801981,0.727272727272727,5.94949494949495,1.58681903737373,0.719912241224122,4.62776318460992,1.38741697222339
"61",63,"Feminin",60,40,60,60,50,60,50,50,55,52.5,0.77,4.40201005025126,2.22982894654627,0.72,3.47474747474747,1.0471794785,0.659574468085106,3.82795698924731,4.09137840558091,0.707547169811321,4.24242424242424,5.11001888456372,0.714280409474107,3.98678468916757,3.11960142879773
"62",63,"Feminin",60,40,60,60,50,60,50,50,55,52.5,0.77,4.40201005025126,2.22982894654627,0.72,3.47474747474747,1.0471794785,0.659574468085106,3.82795698924731,4.09137840558091,0.707547169811321,4.24242424242424,5.11001888456372,0.714280409474107,3.98678468916757,3.11960142879773
"63",64,"Feminin",70,58,65,65,50,45,48,65,64.5,52,0.705,3.67,1.68832716900002,0.705,3.11475409836066,1.26027627449999,0.703703703703704,3.47422680412371,2.06591674201253,0.695652173913043,4.59523809523809,1.85704077856112,0.702338969404187,3.71355474943062,1.71789024101842
"64",65,"Feminin",50,60,40,60,60,30,20,40,52.5,37.5,0.83,4.275,1.32773891390927,0.72,2.015,0.843099003999992,0.666666666666667,2.01123595505618,3.28930335568687,0.709090909090909,4.34259259259259,2.78120280823655,0.731439393939394,3.16095713691219,2.06033602045817
"65",66,"Feminin",50,40,40,40,65,55,50,50,42.5,55,0.85,4.66,1.80481904100002,0.715,4.51758793969849,0.886371395000008,0.670103092783505,5.11340206185567,2.03576485773198,0.718446601941748,5.20588235294118,2.13309445825241,0.738387423681313,4.87421808862383,1.7150124379961
"66",67,"Feminin",2,3,2,2,2,2,3,3,2.25,2.5,0.67,4.88888888888889,1.10752949229325,0.74,5.365,0.660780180499989,0.69,4.1,1.40254127999993,0.7,5.33,2.00299956299994,0.7,4.92097222222222,1.29346262894828
"67",68,"Feminin",75,75,50,60,70,65,30,50,65,53.75,0.845,2.8,1.49975166700002,0.72,1.9,0.678948947000005,0.666666666666667,2.19791666666667,2.16347350625005,0.721153846153846,3.04807692307692,1.87772182980772,0.738205128205128,2.4864983974359,1.55497398751445
"68",69,"Feminin",85,93,80,78,50,85,30,40,84,51.25,0.785,5.75879396984925,2.32319321109295,0.765,5.93,0.944289772499978,0.714285714285714,5.16494845360825,3.57073001893807,0.725490196078431,5.96078431372549,4.20653573071335,0.747443977591036,5.70363168429575,2.76118718331109
"69",70,"Masculin",33,50,25,77,70,44,10,15,46.25,34.75,0.83,4.63,1.166087347,0.705,4.04,0.607466804999995,0.702127659574468,4.12765957446809,1.74755347339428,0.679245283018868,4.04716981132075,1.68677292167039,0.729093235648334,4.21120734644721,1.30197013676617
"70",71,"Feminin",70,60,50,70,50,60,10,50,62.5,42.5,0.79,4.125,2.56102143823714,0.72,3.875,1.41016394150004,0.67741935483871,2.3010752688172,2.69427508239493,0.691588785046729,4.59047619047619,3.27190210686473,0.71975203497136,3.72288786482335,2.48434064224921
"71",72,"Masculin",50,75,70,50,80,50,75,50,61.25,63.75,0.885,4.13,1.54644723199997,0.71,3.28140703517588,1.18154222600003,0.714285714285714,3.81904761904762,2.15889556380954,0.684210526315789,4.06315789473684,2.27456762105264,0.748374060150376,3.82340313724008,1.79036316071554
"72",73,"Feminin",80,90,60,70,40,70,20,60,75,47.5,0.75,4.31472081218274,3.2477512570602,0.72,3.97989949748744,1.02608611849998,0.704761904761905,3.50980392156863,2.86082330190475,0.663157894736842,4.93548387096774,2.27382760210536,0.709479949874687,4.18497702555164,2.35212206989257
"73",74,"Feminin",50,40,50,40,20,50,40,60,45,42.5,0.745,3.26,1.63675580200006,0.68,2.60804020100502,0.653362093999999,0.7,2.95555555555556,1.97577884888889,0.745454545454545,4.40366972477064,1.54739520727272,0.717613636363636,3.30681637033281,1.45332298804042
"74",75,"Masculin",95,90,95,95,85,80,90,90,93.75,86.25,0.79,3.57286432160804,1.37824783087595,0.73,2.985,0.690562537999997,0.682692307692308,4.28846153846154,1.63484822460448,0.6875,5.4375,1.59517321494334,0.722548076923077,4.07095646501739,1.32470795210594
"75",76,"Masculin",40,60,65,40,65,60,50,50,51.25,56.25,0.815,3.72361809045226,1.91596233199998,0.705,3.57,1.47988562200001,0.690721649484536,3.48453608247423,2.35996462877519,0.718446601941748,5.12621359223301,2.27860410762572,0.732292062856571,3.97609194128987,2.00860417260022
"76",77,"Masculin",75,80,75,90,50,60,55,50,80,53.75,0.67,5,2.01730942777972,0.71,4.575,0.762627138500002,0.614678899082569,4.76146788990826,1.77333244587153,0.725274725274725,5.61538461538461,1.61050566373624,0.679988406089324,4.98796312632322,1.54094366897187
"77",78,"Masculin",85,85,50,90,85,72,80,90,77.5,81.75,0.865,5.72,1.226801381,0.74,5.62311557788945,0.792953721000007,0.702127659574468,5.35106382978723,2.3934018765958,0.69811320754717,6.08490566037736,2.07478111415093,0.751310216780409,5.69477126701351,1.62198452318668
"78",79,"Feminin",60,40,50,60,40,70,40,50,52.5,50,0.615,4.62626262626263,1.68594944702289,0.755,4.66834170854271,0.883431445999993,0.614583333333333,4.35416666666667,2.06590243229163,0.692307692307692,5.21359223300971,2.16961588749999,0.669222756410256,4.71559080862043,1.70122480320363
"79",80,"Masculin",60,70,70,60,80,70,70,80,65,75,0.805,4.47,1.67633780249998,0.71,4.1105527638191,0.925372136500008,0.651685393258427,4.32584269662921,2.28664492921346,0.738738738738739,5.34259259259259,1.8640531396396,0.726356032999291,4.56224701326023,1.68810200196326
"80",81,"Masculin",70,70,70,50,70,70,70,70,65,70,0.76,4.10204081632653,2.52490918949999,0.735,5.26262626262626,1.21363721399999,0.705357142857143,5.3963963963964,1.87812262482216,0.693181818181818,5.23255813953488,1.72138533416919,0.72338474025974,4.99840540372102,1.83451359062283
"81",82,"Feminin",80,80,70,90,90,80,70,80,80,80,0.805,5.315,1.22555169900004,0.71,4.955,0.626024405499986,0.685185185185185,5.06481481481481,3.11558752514504,0.717391304347826,5.87912087912088,4.10673774586174,0.729394122383253,5.30348392348392,2.2684753438767
"82",83,"Masculin",68,72,50,26,85,50,59,30,54,56,0.855,5.61111111111111,1.75162083138236,0.725,3.265,0.977837170999955,0.67741935483871,5.05376344086022,2.33575109003958,0.719626168224299,5.2803738317757,2.48814251453772,0.744261380765752,4.80256209593676,1.8883379017399
"83",84,"Masculin",70,75,65,65,52,70,65,50,68.75,59.25,0.73,4.175,1.58197562749999,0.72,4.3,1.253189347,0.692307692307692,4.57692307692308,2.20919093461533,0.708333333333333,4.5625,1.95945341874996,0.712660256410256,4.40360576923077,1.75095233196632
"84",85,"Feminin",65,70,50,55,50,50,40,60,60,50,0.81,4.1105527638191,2.30088670440506,0.715,3.59798994974874,1.172100305,0.691588785046729,3.81308411214953,4.08267129532712,0.720430107526882,4.59340659340659,2.81012573118282,0.734254723143403,4.02875835478099,2.59144600897875
"85",86,"Masculin",75,70,70,90,75,70,70,90,76.25,76.25,0.865,5.9,1.48936898612618,0.695,5.07035175879397,0.864007524000012,0.701030927835051,6.01030927835052,1.41679537571199,0.718446601941748,6.29126213592233,1.12745272112413,0.7448693824442,5.8179807932667,1.22440615174058
"86",87,"Feminin",50,70,50,75,55,60,45,60,61.25,55,0.795,3.98,1.45142807491977,0.75,2.495,0.825584634500015,0.690721649484536,4.01041666666667,2.45187359534913,0.747572815533981,4.86274509803922,2.44200842697531,0.745823616254629,3.83704044117647,1.79272368293606
"87",88,"Masculin",45,45,70,45,20,20,45,20,51.25,26.25,0.54,2.99497487437186,0.936779972499974,0.7,3.49,0.972664925000004,0.712765957446808,5.37234042553191,1.90945038169283,0.707547169811321,4.71698113207547,2.74737277817639,0.665078281814532,4.14357410799481,1.6415670143423
"88",89,"Feminin",50,65,60,60,50,60,65,65,58.75,60,0.49,4.15075376884422,1.67312657554718,0.69,4.43,0.970762018499995,0.663265306122449,4.1734693877551,2.16524106702447,0.676470588235294,4.98039215686275,2.46308693601046,0.629933973589436,4.43365382836552,1.81805414927053
"89",90,"Masculin",30,75,95,50,60,75,80,60,62.5,68.75,0.71,3.81909547738693,2.00581350796429,0.7,4.5,0.870798304999992,0.72,5.47,3.13845174300001,0.74,4.18,2.516185379,0.7175,4.49227386934673,2.13281223374107
"90",91,"Feminin",90,75,55,65,65,70,50,70,71.25,63.75,0.845,4.085,2.18088153623023,0.715,4.11,1.01493930599998,0.690909090909091,2.69090909090909,2.68761601909092,0.711111111111111,4.82222222222222,2.1161089588889,0.740505050505051,3.92703282828283,1.99988645505251
"91",92,"Masculin",90,75,60,80,80,75,60,66,76.25,70.25,0.905,5.75126903553299,2.34972295799997,0.73,4.285,1.02754057049999,0.717171717171717,4.08163265306122,2.00754919494948,0.712871287128713,5.41,2.40080387821782,0.766260751075107,4.88197542214855,1.94640415041682
"92",93,"Masculin",75,66,90,90,70,40,90,75,80.25,68.75,0.705,3.375,2.14878885495252,0.685,2.63959390862944,0.790929339999984,0.708333333333333,5.34736842105263,2.32988313854165,0.711538461538462,4.88461538461539,3.09798349326925,0.702467948717949,4.06164442857436,2.09189620669085
"93",94,"Masculin",90,70,55,70,80,60,60,80,71.25,70,0.89,4.82323232323232,1.95630433004208,0.725,2.45,0.835860818000033,0.67032967032967,3.45054945054945,3.04427767263598,0.73394495412844,5.91588785046729,5.21573528932368,0.754818656114528,4.15991740606227,2.76304452750044
"94",95,"Feminin",65,40,55,60,60,70,60,70,55,65,0.745,4.01,2.33364526367289,0.72,3.95,0.760951652500012,0.639175257731959,3.54639175257732,1.85223768721376,0.718446601941748,5.14563106796117,3.61546712990175,0.705655464918427,4.16300570513462,2.14057543332211
"95",96,"Feminin",60,20,20,50,30,30,40,20,37.5,30,0.805,3.96,1.31151781750002,0.71,3.745,0.699084250499993,0.714285714285714,4.67619047619048,2.15139048190476,0.705263157894737,3.61052631578947,2.23477970000002,0.733637218045113,3.99792919799499,1.5991930624762
"96",97,"Masculin",65,65,50,55,70,60,60,55,58.75,61.25,0.865,4.79396984924623,2.30967252699423,0.715,2.935,1.27825177549999,0.676767676767677,3.24242424242424,2.48168206060604,0.702970297029703,3.31313131313131,3.07696618910899,0.739934493449345,3.57113135120045,2.28664313805231
"97",98,"Masculin",40,50,50,60,30,25,70,90,50,53.75,0.715,3.375,1.75984983450001,0.695,3.375,1.38477665449999,0.726415094339623,4.45631067961165,3.10024984905661,0.712765957446808,5.81914893617021,6.7802711393617,0.712295262946608,4.25636490394547,3.25628686935458
"98",99,"Masculin",30,40,55,50,40,55,50,55,43.75,50,0.7,4.115,1.55650513817073,0.735,3.67,0.937753582500036,0.674157303370786,3.84269662921348,1.77833317800134,0.720720720720721,5.33333333333333,2.02044912390207,0.707469506022877,4.2402574906367,1.57326025564354
"99",100,"Feminin",80,70,40,40,50,70,40,30,57.5,47.5,0.855,6.355,1.33183719249995,0.705,5.65829145728643,0.973510634999986,0.644230769230769,4.76699029126214,2.92563619173197,0.697916666666667,5.02083333333333,2.53894921583799,0.725536858974359,5.45027877047048,1.94248330876747
"100",101,"Feminin",60,70,60,60,60,55,55,55,62.5,56.25,0.71,3.38,1.97636431089248,0.69,3.5,1.06590739800003,0.714285714285714,3.2967032967033,2.01996551610997,0.697247706422018,4.30555555555556,2.08561533652823,0.702883355176933,3.62056471306471,1.78696314038267
"101",102,"Feminin",65,45,40,50,55,50,30,65,50,50,0.78,4.81818181818182,1.56976262600004,0.725,3.74874371859296,1.0422325345,0.691489361702128,2.16304347826087,1.46692286595745,0.716981132075472,5.13,2.59279329716983,0.7283676234444,3.96499225375891,1.66792783090683
"102",104,"Feminin",85,80,55,60,75,60,60,80,70,68.75,0.77,5.03030303030303,1.535092061,0.75,4.3265306122449,1.35460034850001,0.754716981132076,4.05660377358491,2.07659576981133,0.712765957446808,5.58064516129032,1.759638956383,0.746870734644721,4.74852064435579,1.68148178392358
"103",105,"Feminin",90,60,50,90,50,70,30,80,72.5,57.5,0.78,4.5989847715736,2.63309855770271,0.715,3.84422110552764,0.99963002449997,0.735849056603774,4.125,4.25343557531317,0.680851063829787,5.75280898876404,3.74900652064922,0.72792503010839,4.58025371646632,2.90879266954127
"104",106,"Masculin",65,90,75,60,65,85,70,60,72.5,70,0.76,3.94974874371859,2.17519261749999,0.735,3.845,0.729192047999982,0.702970297029703,4.37623762376238,2.42675276930692,0.707070707070707,3.50505050505051,2.88764032222224,0.726260251025102,3.91900921813287,2.05469443925728
"105",107,"Feminin",50,50,40,60,30,60,40,60,50,47.5,0.695,3.34170854271357,2.84102097220429,0.72,4.2,1.13088188050001,0.670103092783505,3.11340206185567,2.26941147213961,0.70873786407767,3.74757281553398,3.11937266115463,0.698460239215294,3.6006708550258,2.34017174649964
"106",109,"Feminin",85,70,65,70,85,80,25,50,72.5,60,0.85,5.88,1.02048355433655,0.69,4.93,0.664156486999991,0.702970297029703,3.44,1.96657363960392,0.696969696969697,4.96938775510204,2.45941435050501,0.73498499849985,4.80484693877551,1.52765700786137
"107",110,"Masculin",70,70,50,60,50,60,60,40,62.5,52.5,0.755,4.04,1.71274746299996,0.72,3.68,1.04479989500001,0.680851063829787,4.2258064516129,1.4021701361702,0.650943396226415,3.78301886792453,1.55120374999998,0.701698615014051,3.93220632988436,1.42773031104254
"108",111,"Feminin",40,85,50,85,60,50,30,90,65,57.5,0.765,4.82,1.81244469467197,0.705,4.68,0.99143619249996,0.711111111111111,3.27777777777778,2.40537775703133,0.709090909090909,6.05555555555556,2.1549193363737,0.722550505050505,4.70833333333333,1.84104449514424
"109",112,"Masculin",70,70,60,80,95,80,50,80,70,76.25,0.87,6.005,1.26310984150001,0.69,4.855,1.16878664749996,0.645833333333333,5.14736842105263,2.69405632961528,0.711538461538462,6.50961538461539,2.76503062732675,0.729342948717949,5.629245951417,1.9727458614855
"110",113,"Feminin",70,85,50,60,40,70,20,20,66.25,37.5,0.775,3.73366834170854,1.34722327332405,0.72,3.835,0.990339633499998,0.6875,3.67708333333333,2.11847924821269,0.711538461538462,4.59223300970874,3.79275256140289,0.723509615384615,3.95949617118765,2.06219867910991
"111",114,"Masculin",60,65,30,70,40,30,30,45,56.25,36.25,0.745,3.7035175879397,1.652035276,0.69,3.94974874371859,1.175850289,0.709677419354839,4.03225806451613,2.28345283225808,0.700934579439252,5.78301886792453,2.76533623644859,0.711402999698523,4.36713581602474,1.96916865842667
"112",115,"Feminin",60,80,40,90,50,60,40,80,67.5,57.5,0.81,2.72058823529412,1.85617545618199,0.72,3.68341708542714,1.23341353600003,0.656565656565657,3.98989898989899,2.46829869292928,0.712871287128713,5.47,3.44694468613861,0.724859235923592,3.96597607765506,2.25120809281248
"113",116,"Masculin",75,80,85,75,50,60,71,70,78.75,62.75,0.695,3.59,1.39460411150001,0.685,4.59,0.84224654500001,0.731182795698925,5.14285714285714,2.44493459677423,0.682242990654206,5.03738317757009,3.10726099813085,0.698356446588283,4.59006008010681,1.94726156285127
"114",117,"Feminin",99,90,66,90,95,90,80,95,86.25,90,0.795,4.865,1.78311903943039,0.715,5.72361809045226,0.910023106000003,0.663636363636364,4.28440366972477,3.08259682736296,0.744444444444444,6.06666666666667,2.59173836565555,0.729520202020202,5.23492210671092,2.09186933461222
"115",118,"Feminin",75,80,65,70,80,50,40,65,72.5,58.75,0.86,4.62944162436548,1.80297370150002,0.69,3.12,0.887209157499974,0.721649484536082,3.09375,2.72411119720208,0.699029126213592,5.07920792079208,2.47854065727065,0.742669652687419,3.98059988628939,1.97320867836818
"116",119,"Masculin",92,88,85,85,70,60,75,65,87.5,67.5,0.78,4.275,1.84846797158649,0.73,3.325,0.871044481499966,0.690721649484536,4.90721649484536,2.16005342144744,0.699029126213592,4.49514563106796,2.97291198171988,0.724937693924532,4.25059053147833,1.96311946406345
"117",120,"Masculin",50,95,96,90,75,70,85,70,82.75,75,0.805,4.855,2.15945312049997,0.695,3.98,1.73235302649999,0.739583333333333,4.92631578947368,2.70507045937497,0.721153846153846,5.58585858585859,2.83600721346156,0.740184294871795,4.83679359383307,2.35822095495912
"118",121,"Masculin",65,55,75,70,70,70,80,70,66.25,72.5,0.695,4.52020202020202,1.97500543415387,0.73,4.525,0.707668488500015,0.704081632653061,4.98979591836735,2.43699346938771,0.725490196078431,4.94117647058824,2.49512354803924,0.713642957182873,4.7440436022894,1.90369773502021
"119",122,"Masculin",80,85,75,72,80,65,75,80,78,75,0.81,5.72727272727273,2.29720550224973,0.705,4.525,1.40735120449999,0.736842105263158,5.52631578947368,2.74199796736841,0.723809523809524,6.45192307692308,2.65968240476188,0.74391290726817,5.55762789841737,2.27655926972
"120",123,"Masculin",70,65,55,70,35,65,30,50,65,45,0.605,4.03,2.05515213600001,0.725,4.205,1.07734132299999,0.707070707070707,4.31313131313131,2.33876358585861,0.742574257425743,5.37,1.99703217326726,0.694911241124112,4.47953282828283,1.86707230453147
"121",123,"Masculin",70,65,55,70,40,80,80,70,65,67.5,0.605,4.03,2.05515213600001,0.725,4.205,1.07734132299999,0.707070707070707,4.31313131313131,2.33876358585861,0.742574257425743,5.37,1.99703217326726,0.694911241124112,4.47953282828283,1.86707230453147
"122",124,"Feminin",60,70,50,65,65,55,55,80,61.25,63.75,0.73,3.64824120603015,1.82907933901243,0.725,3.375,0.659379478499959,0.742268041237113,3.72164948453608,2.77575149714214,0.70873786407767,5.31683168316832,2.05873264210736,0.726501476328696,4.01543059343364,1.83073573919047
"123",125,"Masculin",65,50,40,60,50,65,65,70,53.75,62.5,0.82,4.035,1.29520250449996,0.725,4.405,0.786359626499984,0.678899082568807,4.9537037037037,2.18765917375335,0.758241758241758,5.76923076923077,2.01448230991247,0.745535210202641,4.79073361823362,1.57092590366644
"124",126,"Feminin",50,80,60,70,50,30,30,80,65,47.5,0.795,3.58291457286432,2.02295571226468,0.705,2.84,0.764853686000006,0.725274725274725,3.78021978021978,1.76322466169432,0.660550458715596,4.27522935779816,1.47034098045853,0.72145629599758,3.61959092772057,1.50534376010438
"125",128,"Masculin",30,40,30,40,60,50,40,65,35,53.75,0.815,5.32663316582915,1.42688829269894,0.725,5.395,0.948325543499996,0.663551401869159,4.8785046728972,2.09858156822431,0.720430107526882,5.74193548387097,1.94747413870965,0.73099537734901,5.33551833064933,1.60531738578322
"126",129,"Feminin",70,60,65,75,70,55,60,70,67.5,63.75,0.825,4.1,1.49474033400003,0.69,4.08040201005025,0.9522709005,0.682692307692308,3.93269230769231,2.35998620288462,0.75,4.69791666666667,3.41427030520833,0.736923076923077,4.20275274610231,2.05531693564824
"127",130,"Masculin",85,65,75,70,85,50,77,50,73.75,65.5,0.895,4.93969849246231,1.56801901291201,0.715,3.97,0.885201077500046,0.721649484536082,4.27835051546392,1.33016450081063,0.699029126213592,5.07766990291262,1.65401948768692,0.757669652687419,4.56642972770971,1.3593510197274
"129",132,"Feminin",85,70,85,80,65,80,50,65,80,65,0.865,5.12060301507538,2.29027288010421,0.69,4.33333333333333,0.844624045499968,0.711111111111111,4.79761904761905,4.16525062959844,0.7,5.01851851851852,2.56243537076235,0.741527777777778,4.81751847863657,2.46564573149124
"130",133,"Feminin",75,60,60,30,55,60,60,70,56.25,61.25,0.67,4.235,1.07761855349999,0.7,4.74371859296482,0.837868758000018,0.719626168224299,4.29906542056075,2.2850837140187,0.720430107526882,4.72043010752688,2.18742114516123,0.702514068937795,4.49955353026311,1.59699804266999
"131",134,"Masculin",20,40,80,70,50,30,60,60,52.5,50,0.795,4.18,1.62445164461652,0.7,3.48,1.08048717699999,0.711538461538462,4.50980392156863,3.74943098269239,0.75,4.21052631578947,4.4976971093751,0.739134615384615,4.09508255933953,2.738016728421
"132",135,"Masculin",80,70,40,30,55,50,30,40,55,43.75,0.83,5.11,1.73986573500002,0.725,4.70854271356784,1.39133799350001,0.66304347826087,3.85869565217391,2.58591550108696,0.722222222222222,5.43518518518519,3.30534455185187,0.735066425120773,4.77810588773173,2.25561594535971
"133",136,"Feminin",50,50,40,70,55,45,45,60,52.5,51.25,0.815,4.245,2.06121595100639,0.735,3.19,1.04429271100005,0.706521739130435,4.96703296703297,3.22733957903044,0.712962962962963,5.77358490566038,4.46607771194185,0.742371175523349,4.54390446817334,2.69973148824468
"134",137,"Feminin",65,75,70,70,70,70,50,80,70,67.5,0.755,2.94,1.28126606499994,0.73,3.025,0.995652757499968,0.731481481481482,2.50467289719626,2.21829343979134,0.739130434782609,4.71739130434783,1.90419966848332,0.738902979066023,3.29676605038602,1.59985298269364
"135",138,"Masculin",75,80,50,60,75,85,80,50,66.25,72.5,0.705,4.15151515151515,2.28940981307747,0.715,4.93,0.729410117000034,0.636363636363636,5.27272727272727,2.45732573643855,0.693069306930693,5.22772277227723,2.21904580238975,0.687358235823582,4.89549129912991,1.92379786722645
"136",139,"Feminin",90,80,70,70,70,75,60,85,77.5,72.5,0.78,4.115,1.74395976049994,0.715,4.055,0.865760905499988,0.680412371134021,3.95833333333333,2.17865954329902,0.718446601941748,5.09708737864078,2.45096602912628,0.723464743268942,4.30635517799353,1.80983655960631
"137",140,"Masculin",80,75,90,80,70,60,85,85,81.25,75,0.825,5.32,1.33422405804155,0.72,5.575,0.664317392500002,0.712765957446808,5.6063829787234,1.4765460287234,0.716981132075472,6.09433962264151,1.79492257641508,0.74368677238057,5.64893065034123,1.31750251392001
"138",141,"Masculin",60,60,50,70,45,60,30,50,60,46.25,0.665,4.635,1.63512824899998,0.705,4.8643216080402,1.11129388399998,0.704761904761905,4.17307692307692,1.89786627333332,0.694736842105263,4.93548387096774,2.91673738842103,0.692374686716792,4.65197060052122,1.89025644868858
"139",142,"Masculin",80,60,30,50,60,80,75,60,55,68.75,0.665,4.71,1.23715539624332,0.725,4.415,0.637496016499963,0.703703703703704,4.53703703703704,1.88485888885671,0.684782608695652,5.06521739130435,2.04854452839576,0.694621578099839,4.68181360708535,1.45201370749894
"140",143,"Masculin",70,80,50,70,65,80,50,60,67.5,63.75,0.8,4.18,2.146178679,0.715,4.16582914572864,1.55735937,0.684210526315789,4.4,2.44263589433767,0.714285714285714,5.13861386138614,2.8682722897597,0.728374060150376,4.4711107517787,2.25361155827434
"141",144,"Masculin",85,80,75,70,70,80,80,70,77.5,75,0.795,3.61928934010152,2.78339545377413,0.695,4.06030150753769,1.34546282850001,0.693877551020408,4.38541666666667,3.11805887208031,0.696078431372549,5.47474747474747,6.11311925145443,0.719988995598239,4.38493874726334,3.34000910145222
"142",145,"Masculin",75,70,70,80,55,60,50,85,73.75,62.5,0.8,4.375,1.64842054950002,0.72,4.395,1.07697395850001,0.71875,3.86458333333333,2.00791237499999,0.701923076923077,4.75,2.28672560673083,0.735168269230769,4.34614583333333,1.75500812243271
"143",146,"Feminin",30,60,50,40,60,50,30,40,45,45,0.71,5.17587939698493,1.96130003463765,0.715,5.085,0.846299706499981,0.698924731182796,5.06521739130435,1.75245886774192,0.728971962616822,5.73333333333333,2.02701199719627,0.713224173449905,5.26485753040565,1.64676765151896
"144",147,"Feminin",70,50,30,60,65,65,50,70,52.5,62.5,0.725,4.355,2.24106107500003,0.715,4.77386934673367,1.58987314299999,0.695238095238095,3.94174757281553,3.26591036000004,0.684210526315789,5.53763440860215,4.86461543368418,0.704862155388471,4.65206283203784,2.99036500292106
"145",148,"Feminin",70,80,75,95,35,37,43,55,80,42.5,0.8,3.855,3.26839077340677,0.7,2.62,0.895645436499976,0.678260869565217,4.85964912280702,2.49081327962022,0.729411764705882,5.18823529411765,3.85447875091654,0.726918158567775,4.13072110423117,2.62733206011088
"146",149,"Feminin",70,60,50,80,65,60,50,70,65,61.25,0.86,4.99,1.59876531499996,0.685,4.5,0.960991908000042,0.7,3.97272727272727,2.41254055985352,0.7,5.64772727272727,3.85979108829675,0.73625,4.77761363636364,2.20802221778757
"147",150,"Feminin",70,50,50,90,23,30,50,65,65,42,0.775,4.16243654822335,3.41208281699999,0.735,2.0251256281407,1.27512277900003,0.663551401869159,4.75700934579439,2.60136317806426,0.67741935483871,5.44565217391304,2.49776155969823,0.712742689176967,4.09755592401787,2.44658258344063
"148",151,"Masculin",80,60,60,60,70,50,70,70,65,65,0.8,4.965,1.31258902799998,0.7,4.005,1.0699989275,0.682692307692308,5.47115384615385,1.50230311538466,0.71875,6.07291666666667,1.70186119375003,0.725360576923077,5.12851762820513,1.39668806615867
"149",152,"Masculin",80,70,70,70,70,65,75,75,72.5,71.25,0.76,5.16666666666667,2.16044352979465,0.725,3.71356783919598,0.825599184500006,0.684210526315789,4.33684210526316,2.07430933157895,0.714285714285714,5.15238095238095,1.83180301047617,0.720874060150376,4.59236439087669,1.72303876408744
"150",153,"Feminin",76,80,70,65,64,53,40,40,72.75,49.25,0.875,5.97,1.832670344,0.71,4.75,0.875897764500014,0.71,4.52,2.06119814000003,0.71,5.93,1.64731048600001,0.75125,5.2925,1.60426918362501
"151",154,"Feminin",75,60,40,60,60,45,65,60,58.75,57.5,0.825,4.81,2.06960652241279,0.705,4.255,0.930739316000017,0.727272727272727,4.61467889908257,2.32880554273355,0.633333333333333,5.12359550561798,2.35013679661286,0.722651515151515,4.70081860117514,1.9198220444398
"152",155,"Feminin",70,80,50,60,87,65,65,82,65,74.75,0.885,5.83,1.23976022150001,0.705,4.83,0.696436493000003,0.731481481481482,4.58333333333333,3.0118630081178,0.652173913043478,5.19565217391304,1.87543314621685,0.74341384863124,5.10974637681159,1.70587321720867
"153",156,"Feminin",80,90,70,90,75,70,70,70,82.5,71.25,0.755,4.435,2.17236993145542,0.7,4.295,1.0287061825,0.676470588235294,4.17821782178218,4.22310153753422,0.704081632653061,4.79166666666667,4.99037707120449,0.708888055222089,4.42497112211221,3.10363868067353
"154",157,"Masculin",70,80,85,40,50,60,70,65,68.75,61.25,0.795,4.21608040201005,1.72148818799999,0.715,3.55778894472362,0.853506436500031,0.699029126213592,4.72277227722772,2.40951724466022,0.711340206185567,4.51041666666667,2.54382117731957,0.73009233309979,4.25176457265701,1.88208326161995
"155",158,"Masculin",70,50,70,70,30,25,20,45,65,30,0.765,4.07,1.81456972001971,0.735,4.085,1.0705878095,0.684210526315789,3.72340425531915,2.20530072947366,0.742857142857143,5.53333333333333,2.3960143733333,0.731766917293233,4.35293439716312,1.87161815808167
"156",159,"Masculin",70,50,20,20,70,55,20,60,40,51.25,0.905,4.678391959799,1.68833386000002,0.7,3.285,1.41936453200002,0.699029126213592,3.43137254901961,2.54468251165053,0.721649484536082,4.69072164948454,2.72614807216494,0.756419652687419,4.02137153957579,2.09463224395388
"157",160,"Feminin",90,80,75,70,60,50,70,60,78.75,60,0.725,5.865,1.57053715888024,0.72,5.595,1.083664968,0.707547169811321,6.47169811320755,3.65158951004766,0.712765957446808,6.84042553191489,2.95479728824091,0.716328281814532,6.19303091128061,2.3151472312922
"158",161,"Masculin",60,70,75,65,40,70,60,50,67.5,55,0.7,3.715,2.15998081049996,0.715,4.095,0.846159970499994,0.670212765957447,4.30851063829787,2.65446908950155,0.669811320754717,4.35849056603774,2.63556505899315,0.688756021678041,4.1192503010839,2.07404373237366
"159",162,"Masculin",65,70,60,60,45,75,20,85,63.75,56.25,0.795,4.21319796954315,1.74879119524939,0.705,3.19,0.841429229500022,0.673469387755102,3.28865979381443,1.72187199285711,0.715686274509804,4.7843137254902,2.63105429803919,0.722288915566226,3.86904287221194,1.73578667891143
"160",163,"Masculin",50,40,40,45,35,45,45,70,43.75,48.75,0.725,3.44,2.19455035449999,0.75,4.01522842639594,1.3217346805,0.666666666666667,2.45161290322581,1.6708714494624,0.719626168224299,5.16822429906542,2.40814953364475,0.715323208722741,3.76876640717179,1.89882650452679
"161",164,"Feminin",70,70,70,70,40,50,40,40,70,42.5,0.74,3.97,1.68407567325939,0.71,2.935,0.597753963500029,0.696078431372549,4.76470588235294,2.65657539803917,0.704081632653061,5.98979591836735,2.93619084183675,0.712540016006403,4.41487545018007,1.96864896915883
"162",165,"Feminin",80,70,60,70,60,70,20,50,70,50,0.79,5.48241206030151,1.40582698049996,0.735,6.3,0.665140347000042,0.684210526315789,3.74468085106383,2.7615311484211,0.685714285714286,5.59223300970874,2.21907476095237,0.723731203007519,5.27983148026852,1.76289330921837
"163",166,"Masculin",90,95,80,80,65,65,80,80,86.25,72.5,0.775,4.74242424242424,1.86666858480593,0.695,4.575,1.14319548700001,0.723809523809524,5.92233009708738,1.74086875904755,0.726315789473684,5.76842105263158,3.39799172947366,0.730031328320802,5.2520438480358,2.03718114008179
"164",168,"Feminin",60,75,70,45,35,60,75,65,62.5,58.75,0.75,4.04188481675393,1.9280091409972,0.7,4.97989949748744,1.02474978849999,0.776699029126214,5.19607843137255,2.29177530510585,0.680412371134021,5.15463917525773,2.73095470966676,0.726777850065059,4.84312548021791,1.99387223606745
"165",169,"Masculin",70,70,80,90,60,70,60,70,77.5,65,0.76,3.19597989949749,1.39275703700005,0.705,3.70707070707071,0.93819262400003,0.728155339805825,3.90291262135922,1.6227628728155,0.701030927835051,5.52577319587629,2.17517669484538,0.723546566910219,4.08293410595093,1.53222230716524
"166",170,"Feminin",90,90,50,70,30,10,50,50,75,35,0.77,4.94,1.95444724636817,0.72,3.84422110552764,0.958704330999967,0.69811320754717,4.06603773584906,2.23297120754718,0.734042553191489,6.36170212765957,2.01799993085114,0.730538940184665,4.80299024225907,1.79103067894162
"167",171,"Masculin",75,75,70,60,55,60,51,55,70,55.25,0.63,2.39698492462312,1.564727355,0.71,4.67,1.29570131050001,0.647619047619048,3.36190476190476,4.442161832381,0.715789473684211,4.37894736842105,3.11864012736834,0.675852130325814,3.70195926373723,2.60530765631234
"168",172,"Masculin",85,85,85,50,60,75,70,60,76.25,66.25,0.735,4.41,0.984622115199377,0.755,4.83,0.702153226000059,0.652631578947368,5.87234042553191,1.93173807844347,0.676190476190476,5.96190476190476,1.52123057760424,0.704705513784461,5.26856129685917,1.28493599931179
"169",173,"Feminin",60,40,60,50,85,90,40,60,52.5,68.75,0.83,5.37,1.83807596099996,0.73,4.63636363636364,1.24395491749999,0.670103092783505,4.29166666666667,2.45848236610673,0.679611650485437,5.08823529411765,2.04229402405626,0.727428685817236,4.84656639928699,1.89570181716574
"170",173,"Masculin",80,70,70,60,85,90,40,60,70,68.75,0.83,5.37,1.83807596099996,0.73,4.63636363636364,1.24395491749999,0.670103092783505,4.29166666666667,2.45848236610673,0.679611650485437,5.08823529411765,2.04229402405626,0.727428685817236,4.84656639928699,1.89570181716574
"171",174,"Masculin",40,80,80,90,35,80,65,60,72.5,60,0.775,4.69,1.84892142310926,0.71,4.435,0.71337045899998,0.727272727272727,4.34343434343434,1.98750329287559,0.722772277227723,5.05,1.99866161081084,0.733761251125112,4.62960858585859,1.63711419644892
"172",176,"Feminin",80,60,70,65,45,35,20,25,68.75,31.25,0.835,3.94472361809045,1.9618517778861,0.725,2.665,1.25684079999997,0.704081632653061,2.95918367346939,2.41787552755097,0.696078431372549,3.32352941176471,2.36513207058816,0.740040016006403,3.22310917583114,2.0004250440063
"173",177,"Masculin",40,60,60,60,40,60,60,60,55,55,0.785,4.925,1.90395475024607,0.715,4.235,1.07762991799999,0.64,5.92,2.51487938800003,0.74,5.94,2.47379023300002,0.72,5.255,1.99256357231153
"174",178,"Feminin",60,80,60,80,60,40,50,70,70,55,0.705,4.44,1.66489238914766,0.71,4.735,1.32759588350003,0.714285714285714,5.12244897959184,1.81301747501157,0.715686274509804,5.86274509803922,2.04379015493976,0.71124299719888,5.04004851940776,1.71232397564975
"175",179,"Masculin",80,80,90,80,60,90,30,60,82.5,60,0.775,6.275,1.164322188,0.7,6.13,0.617461712499999,0.759259259259259,6.92592592592593,1.17312909239824,0.695652173913043,6.82608695652174,1.42253862232622,0.732477858293076,6.53925322061192,1.09436290380611
"176",180,"Feminin",20,50,70,70,80,80,60,70,52.5,72.5,0.765,4.77889447236181,1.56119559704561,0.73,4.57,0.801183983499982,0.727272727272727,3.87878787878788,2.88213828107581,0.732673267326733,4.76237623762376,2.51345370109397,0.738736498649865,4.49751464719336,1.93949289067885
"177",181,"Masculin",67,80,90,60,60,75,67,80,74.25,70.5,0.695,5.065,1.60297383900002,0.76,4.505,0.992435487000002,0.7,5.06,2.07617743399997,0.69,5.25,1.83650668800005,0.71125,4.97,1.62702336200001
"178",182,"Masculin",80,75,90,90,50,70,80,70,83.75,67.5,0.695,4.96428571428571,1.86738110366311,0.74,5.275,1.36670599449999,0.72,5.77777777777778,2.66344928699997,0.69,6.37373737373737,2.29678801499999,0.71125,5.59770021645022,2.04858110004077
"179",183,"Feminin",75,85,60,65,40,50,65,50,71.25,51.25,0.82,4.22,1.85163138249999,0.72,3.41116751269036,1.3287410875,0.724489795918367,4.89690721649485,3.47388261836732,0.725490196078431,4.86274509803922,3.83092040490199,0.7474949979992,4.3477049568061,2.62129387331732
"180",184,"Masculin",75,60,55,60,35,75,65,65,62.5,60,0.785,5.085,1.37262360464076,0.695,5.04522613065327,0.690056220500039,0.711538461538462,5.25,1.50370355940709,0.739583333333333,6.07291666666667,1.16910611827511,0.732780448717949,5.36328569932998,1.18387237570575
"181",185,"Feminin",75,85,50,85,50,70,30,40,73.75,47.5,0.78,4.25,1.26466035350001,0.73,4.335,0.444110941999979,0.697916666666667,3.88541666666667,1.61805368935801,0.730769230769231,6.09615384615385,1.63310294824052,0.734671474358974,4.64164262820513,1.23998198327463
"182",186,"Feminin",50,75,60,70,70,45,35,65,63.75,53.75,0.885,4.71859296482412,1.50426428613496,0.73,3.21,1.06070342200001,0.684210526315789,2.70212765957447,2.19268686246853,0.733333333333333,5.14423076923077,2.15219909248492,0.758135964912281,3.94373784840734,1.7274634157721
"183",187,"Masculin",70,70,85,80,60,50,60,55,76.25,56.25,0.68,4.39195979899498,1.48189466250002,0.71,3.23350253807107,0.678737742000006,0.639175257731959,4.83505154639175,1.96398831030927,0.660194174757282,4.49514563106796,2.03570886213595,0.67234235812231,4.23891487863144,1.54008239423631
"184",188,"Masculin",100,100,80,60,20,29,50,60,85,39.75,0.595,3.8643216080402,1.17606371378564,0.735,4.8,0.59507466400001,0.742268041237113,5.52577319587629,2.13199711649485,0.699029126213592,5.90291262135922,1.67855824660192,0.692824291862676,5.02325185631893,1.3954234352206
"185",189,"Feminin",67,10,60,80,50,40,40,40,54.25,42.5,0.74,3.21105527638191,1.53014344164175,0.7,3.42211055276382,0.767937119000023,0.688679245283019,4.62857142857143,1.28525685125894,0.734042553191489,3.96774193548387,1.56816785714294,0.715680449618627,3.80736979830026,1.28787631726091
"186",190,"Feminin",50,70,20,30,60,40,70,80,42.5,62.5,0.755,3.41708542713568,2.00255008365359,0.73,3.62,1.22826562000002,0.702702702702703,3.7027027027027,2.83219835408167,0.707865168539326,5.35955056179775,2.93490605053623,0.723891967810507,4.02483467290903,2.24948002706788
"187",191,"Feminin",80,70,85,85,75,58,78,80,80,72.75,0.845,5.78894472361809,1.55272841949999,0.72,6.65,0.689165838999993,0.752577319587629,6.65591397849462,2.95839246392011,0.679611650485437,6.75490196078431,2.39770578077193,0.749297242518266,6.46244016572426,1.89949812579801
"188",192,"Feminin",68,65,20,70,55,30,15,65,55.75,41.25,0.735,4.35233160621762,1.64985077580934,0.73,3.82914572864322,0.725119641500019,0.703296703296703,3.53846153846154,1.93024658272743,0.715596330275229,5.40740740740741,2.87101087120923,0.720973258392983,4.28183657018244,1.7940569678115
"189",193,"Feminin",80,60,50,50,40,60,40,60,60,50,0.68,5.20603015075377,2.14547514900002,0.74,5.02,1.26088228849998,0.707865168539326,4.89772727272727,2.88418263033713,0.711711711711712,6.12612612612613,2.24937294504504,0.709894220062759,5.31247088740179,2.13497825322054
"190",194,"Masculin",80,60,50,55,60,80,65,75,61.25,70,0.79,4.33502538071066,2.71810818236522,0.75,4.79899497487437,0.992261120999992,0.723404255319149,4.38709677419355,4.19479277765958,0.669811320754717,5.0873786407767,3.45292670377359,0.733303894018467,4.65212394263882,2.8395221961996
"191",195,"Masculin",80,80,65,20,10,40,40,50,61.25,35,0.615,3.80904522613065,2.8485136535,0.725,3.955,0.716543470500017,0.71,4.62244897959184,5.19467618200001,0.73,4.40816326530612,4.27943577199994,0.695,4.19866436775715,3.25979226949999
"192",196,"Masculin",60,70,80,75,55,70,75,75,71.25,68.75,0.675,3.655,1.9594488754245,0.72,3.71356783919598,0.884358392000058,0.715596330275229,5.50943396226415,3.15064399941682,0.714285714285714,5.97701149425287,2.2367635556479,0.706220511140236,4.71375332392825,2.05780370562232
"193",197,"Feminin",60,60,50,60,60,75,50,80,57.5,66.25,0.735,4.02010050251256,1.937167463,0.72,3.66,1.20672837349998,0.655913978494624,4.48387096774194,2.0431444737867,0.710280373831776,5.60747663551402,2.04020555118562,0.7052985880816,4.44286202644213,1.80681146536807
"194",198,"Masculin",60,60,70,70,60,50,70,70,65,62.5,0.825,4.08,1.78178640798017,0.735,3.845,0.837398425499996,0.747368421052632,4.73684210526316,2.31366425611316,0.704761904761905,5.06666666666667,1.74753863082882,0.753032581453634,4.43212719298246,1.67009693010554
"195",199,"Masculin",80,90,80,75,70,69,75,80,81.25,73.5,0.7,5.22110552763819,1.3377448545,0.71,5.595,0.777063816999989,0.754716981132076,5.85849056603774,2.13118563281002,0.723404255319149,6.46808510638298,1.92489382708783,0.722030309112806,5.78567030001473,1.54272203284946
"196",200,"Feminin",60,70,80,70,70,70,70,90,70,75,0.82,4.49246231155779,1.57778151268987,0.7,3.82,1.0174848175,0.649484536082474,4.27835051546392,1.59399695463923,0.70873786407767,6.59223300970874,2.34616804563103,0.719555600040036,4.79576145918261,1.63385783261503
"197",201,"Feminin",80,80,40,40,55,50,40,60,60,51.25,0.715,4.015,1.1577525055,0.7,4.07035175879397,0.680740938999997,0.701030927835051,4.79381443298969,1.93482060103088,0.728155339805825,6.30097087378641,2.73653199223302,0.711046566910219,4.79503426639252,1.62746150944098
"198",202,"Feminin",60,70,50,50,35,45,25,60,57.5,41.25,0.78,4.86,1.6116144985,0.715,5.44,1.193705333,0.673076923076923,5.125,1.89734526826924,0.6875,5.96842105263158,2.284391453125,0.713894230769231,5.3483552631579,1.74676413822356
"199",203,"Masculin",75,70,60,80,75,55,55,60,71.25,61.25,0.85,5.09,2.43576651799998,0.695,3.06,1.01274108450004,0.723809523809524,4.44230769230769,3.72828208956756,0.694736842105263,5.52688172043011,2.82072662098178,0.740886591478697,4.52979735318445,2.49937907826234
"200",204,"Feminin",85,75,50,85,70,30,20,60,73.75,45,0.79,5.305,1.70614433113921,0.72,4.20707070707071,0.766161612000001,0.720930232558139,4.06976744186047,2.2344636026709,0.728070175438597,5.7719298245614,2.72315439514488,0.739750101999184,4.83844199337314,1.85748098523875
"201",205,"Feminin",40,35,25,70,83,56,32,90,42.5,65.25,0.905,5.77,1.34167530799999,0.74,3.535,0.760720478499998,0.706521739130435,3.34782608695652,1.49835364565217,0.722222222222222,5.82407407407407,3.10930102962963,0.768435990338164,4.61922504025765,1.67751261544545
"202",206,"Masculin",80,80,70,50,60,70,85,60,70,68.75,0.845,5.525,1.48591242164066,0.71,4.80402010050251,1.18356728749996,0.702127659574468,5.12765957446809,1.77278289361696,0.69811320754717,6.44339622641509,1.58742604245283,0.738810216780409,5.47501897534642,1.5074221613026
"203",207,"Masculin",80,95,75,60,65,80,70,65,77.5,70,0.67,5.85427135678392,1.95032353699999,0.73,5.75757575757576,1.218105819,0.732673267326733,6.01,3.05141726138611,0.656565656565657,6.32323232323232,3.57935127474746,0.697309730973097,5.986269859398,2.44979947303339
"204",208,"Feminin",75,55,10,35,65,80,10,40,43.75,48.75,0.84,3.915,1.48001962336961,0.71,3.96,1.15936705499998,0.692307692307692,2.18888888888889,2.18390244788602,0.706422018348624,3.92660550458716,1.92601221069317,0.737182427664079,3.49762359836901,1.68732533423719
"205",209,"Masculin",60,75,75,85,55,50,76,65,73.75,61.5,0.865,4.3,1.75084148592662,0.735,2.515,1.13626328650001,0.745283018867924,4.78095238095238,2.4095051431537,0.74468085106383,4.7741935483871,3.15833606356684,0.772490967482939,4.09253648233487,2.11373649478679
"206",210,"Feminin",70,60,50,10,20,50,30,20,47.5,30,0.7,2.775,1.77568872812131,0.725,3.16582914572864,0.798625011000013,0.747368421052632,4.23404255319149,1.69839272489105,0.685714285714286,3.56730769230769,1.59705735330389,0.714520676691729,3.43554484780696,1.46744095432907
"207",211,"Feminin",70,75,70,90,80,70,40,90,76.25,70,0.88,6.16,0.971740587000018,0.72,5.38,0.64155126550002,0.731958762886598,4.29896907216495,1.42654881958761,0.70873786407767,6.41747572815534,1.32247758058256,0.760174156741067,5.56411120008007,1.09057956316755
"208",212,"Feminin",49,31,21,78,56,52,8,89,44.75,51.25,0.75,3.5,2.89158324115013,0.745,3.79396984924623,1.33007583150003,0.717171717171717,1.14141414141414,3.15998061212126,0.722772277227723,5.99,3.67294530594057,0.73373599859986,3.60634599766509,2.763646247678
"209",213,"Masculin",90,60,30,50,90,65,10,20,57.5,46.25,0.94,6.36180904522613,1.39905784799998,0.73,3.80612244897959,1.445839613,0.734042553191489,2.20212765957447,2.06229599042555,0.716981132075472,3.17924528301887,2.57288298584907,0.78025592131674,3.88732610919976,1.87001910931865
"210",214,"Masculin",80,70,60,90,60,85,78,80,75,75.75,0.685,4.79,1.89172976839042,0.725,5.585,0.855250366000041,0.207547169811321,4.80952380952381,1.89082809743581,0.680851063829787,5.51063829787234,2.0656741808582,0.574599558410277,5.17379052684904,1.67587060317112
"211",215,"Feminin",80,80,60,65,90,50,40,39,71.25,54.75,0.88,5.41,1.12085819650002,0.71,3.745,0.999811759499946,0.692307692307692,4.58241758241758,2.50788449419563,0.660550458715596,3.42201834862385,2.41314212835462,0.735714537755822,4.28985898276036,1.76042414463755
"212",216,"Feminin",60,50,40,50,30,60,20,20,50,32.5,0.695,4.37688442211055,2.15013361709199,0.73,2.72,1.03429745049994,0.68,2.87878787878788,2.39104685663354,0.69,4.82828282828283,2.42571930112387,0.69875,3.70098878229531,2.00029930633734
"213",217,"Masculin",50,75,75,50,50,75,65,65,62.5,63.75,0.525,4.075,0.823503385499982,0.73,4.42,0.645146399500024,0.759259259259259,5.38888888888889,2.10148740370369,0.695652173913043,5.26373626373626,1.86500325543477,0.677477858293076,4.78690628815629,1.35878511103462
"214",218,"Masculin",65,75,65,70,65,75,65,75,68.75,70,0.69,4.685,2.2985729029516,0.7,4.89949748743719,0.960958871500041,0.704761904761905,4.43809523809524,2.06147805333328,0.726315789473684,5.45263157894737,2.30356030421051,0.705269423558897,4.86880607611995,1.90614253299886
"215",219,"Feminin",70,60,55,70,60,55,60,70,63.75,61.25,0.87,4.925,1.27064704299997,0.675,4.08040201005025,1.04698335499998,0.724137931034483,4.95402298850575,1.80701415632188,0.690265486725664,5.47321428571429,1.69580839911507,0.739850854440037,4.85815982106757,1.45511323835922
"216",220,"Masculin",60,61,59,50,65,55,75,70,57.5,66.25,0.79,5.46,1.75083386118323,0.71,4.50753768844221,1.07394134299996,0.804347826086957,4.94444444444444,1.70758922821303,0.675925925925926,5.20560747663551,2.4444445641991,0.745068438003221,5.02939740238054,1.74420224914883
"217",221,"Feminin",95,80,50,75,75,65,50,70,75,65,0.805,4.49,1.83702464149999,0.725,4.32,1.15521529000001,0.676190476190476,3.56190476190476,2.65246301824443,0.705263157894737,4.73404255319149,4.11030300647814,0.727863408521303,4.27648682877406,2.43875148905564
"218",222,"Masculin",40,60,60,60,40,50,50,50,55,47.5,0.815,5.35353535353535,2.35454856253158,0.715,3.825,0.997620899499998,0.719626168224299,5.61320754716981,2.40601828949972,0.688172043010753,5.54838709677419,3.27724248485439,0.734449552808763,5.08503249936984,2.25885755909642
"219",223,"Feminin",70,75,75,85,80,65,45,55,76.25,61.25,0.755,4.335,1.72337641999999,0.73,4.03,1.05492749250001,0.702127659574468,3.65217391304348,1.97849036914894,0.707547169811321,4.63207547169811,2.02582813396226,0.723668707346447,4.1623123461854,1.6956556039028
"220",224,"Feminin",55,60,40,60,55,40,25,70,53.75,47.5,0.82,4.69230769230769,1.96857945753334,0.725,4.39,1.03070562050001,0.653465346534653,3.73267326732673,2.75155096831685,0.757575757575758,5.44897959183673,2.68031935656563,0.739010276027603,4.56599013786779,2.10778885072896
"221",225,"Masculin",80,70,75,80,90,70,75,75,76.25,77.5,0.93,5.96984924623116,1.97824776750036,0.75,4.67,0.695903018999088,0.723404255319149,5.13978494623656,3.84035906170299,0.679245283018868,5.28571428571429,3.35391436226283,0.770662384584504,5.2663371195455,2.46710605261632
"222",226,"Feminin",70,80,60,90,60,70,50,70,75,62.5,0.725,4.85427135678392,1.66071867876715,0.705,5.10552763819095,1.03790216900008,0.695238095238095,5.01904761904762,1.97856684207925,0.694736842105263,5.63829787234043,2.91057131042839,0.70499373433584,5.15428612159073,1.89693975006872
"223",227,"Feminin",85,75,70,60,60,70,70,60,72.5,65,0.76,4.065,1.37897034649998,0.71,5.215,0.8976788235,0.691489361702128,4.82795698924731,2.86878434082307,0.707547169811321,4.72641509433962,2.65898465997027,0.717259132878362,4.70859302089673,1.95110454269833
"224",228,"Feminin",60,75,15,70,70,75,30,75,55,62.5,0.785,4.15736040609137,2.31754975045282,0.725,4.63,1.13251015749996,0.725274725274725,4.52747252747253,2.21912288205385,0.697247706422018,5.77064220183486,3.02840143356528,0.733130607924186,4.77136878384969,2.17439605589298
"225",229,"Feminin",60,70,60,50,40,60,20,20,60,35,0.77,3.895,1.57538299000004,0.73,3.64646464646465,1.08951856999996,0.704081632653061,4.02040816326531,2.20252243265305,0.735294117647059,4.64705882352941,2.40544874705888,0.73484393757503,4.05223290831484,1.81821818492798
"226",230,"Feminin",85,80,80,75,20,40,40,45,80,36.25,0.645,3.18,1.72481024750002,0.715,3.175,0.875997380500012,0.703703703703704,3.23364485981308,3.27904904505696,0.673913043478261,4.93258426966292,2.5131408606161,0.684404186795491,3.630307282369,2.09824938341827
"227",231,"Feminin",50,75,75,30,75,80,45,60,57.5,65,0.82,4.885,2.13663004707186,0.715,4.3,1.06283242250007,0.673469387755102,4.37755102040816,3.28621736632652,0.715686274509804,5.56862745098039,2.59319967647058,0.731038915566226,4.78279461784714,2.26971987809226
"228",232,"Feminin",60,70,45,85,40,35,30,70,65,43.75,0.73,3.89,1.92570119439733,0.73,2.51020408163265,0.814053203999574,0.654205607476635,4.23584905660377,1.91903579433269,0.720430107526882,5.40860215053763,2.07149902554601,0.708658928750879,4.01116382219351,1.6825723045689
"229",233,"Feminin",70,90,70,90,75,45,30,80,80,57.5,0.825,4.635,1.27033539850003,0.73,2.1105527638191,0.686854688500462,0.684782608695652,3.67045454545455,2.19776873808271,0.703703703703704,5,2.04119101138618,0.735871578099839,3.85400182731841,1.54903745911735
"230",234,"Feminin",70,70,40,70,60,70,60,60,62.5,62.5,0.795,4.93,2.3929277558806,0.72,4.73869346733668,0.871475056999993,0.71,4.95,2.52831195332012,0.66,4.67,2.86977195412863,0.72125,4.82217336683417,2.16562168008234
"231",235,"Masculin",90,80,60,70,55,70,60,75,75,65,0.525,3.495,0.530248439940506,0.73,3.87437185929648,0.653310886500001,0.71264367816092,4.35632183908046,1.06675630892015,0.699115044247788,4.00884955752212,0.810734791107396,0.666689680602177,3.93363581397477,0.765262606617013
"232",236,"Feminin",75,85,70,75,50,75,25,75,76.25,56.25,0.715,3.87437185929648,1.98907974026879,0.73,4.91,0.804497236499976,0.722772277227723,3.34653465346535,1.95912164455453,0.717171717171717,5.55555555555556,1.98199657979792,0.72123599859986,4.42161551707935,1.6836738002803
"233",237,"Masculin",50,70,40,60,30,75,60,75,55,60,0.62,2.525,1.00739607677596,0.735,4.43718592964824,1.18820725899998,0.673913043478261,4.48913043478261,1.86679536956518,0.722222222222222,5.87962962962963,2.23899051111111,0.687783816425121,4.33273649851512,1.57534730411306
"234",238,"Feminin",75,60,45,60,55,45,5,75,60,45,0.74,3.86,1.42757328763986,0.755,5.355,0.887420146000031,0.637362637362637,2.53846153846154,1.44018018595768,0.770642201834862,5.95412844036697,1.93437121787162,0.725751209799375,4.42689749470713,1.4223862093673
"235",239,"Feminin",80,90,90,100,50,60,60,70,90,60,0.69,4.23618090452261,1.83151293399998,0.725,5.04232804232804,1.25057694500004,0.711340206185567,4.40425531914894,2.17393652545786,0.70873786407767,5.88,2.23232081546254,0.708769517565809,4.8906910664999,1.8720868049801
"236",240,"Masculin",50,70,30,60,60,70,40,60,52.5,57.5,0.73,4.64321608040201,2.23883776435237,0.685,4.1,0.724605721500006,0.724489795918367,4.20408163265306,2.53513932382606,0.705882352941177,5.29411764705882,2.04324199972234,0.711343037214886,4.56035384002847,1.88545620235019
"237",241,"Feminin",70,80,60,95,70,60,60,80,76.25,67.5,0.775,4.66,1.65778976849998,0.755,2.425,1.4212962835,0.721153846153846,4.99038461538461,2.08057556442311,0.739583333333333,6.3125,1.95263970104163,0.747684294871795,4.59697115384615,1.77807532936618
"238",242,"Feminin",70,50,50,70,70,70,40,50,60,57.5,0.85,5.44,1.54893611142401,0.685,5.475,1.31951891099998,0.722772277227723,5.01980198019802,1.65890556534652,0.717171717171717,5.36363636363636,2.15453805454537,0.74373599859986,5.3246095859586,1.67047466057897
"239",243,"Masculin",65,70,60,70,65,70,55,75,66.25,66.25,0.665,4,3.2287415325,0.74,4.55,1.26101959599998,0.715686274509804,3.93939393939394,3.88794367941175,0.724489795918367,4.8,2.94603793061224,0.711294017607043,4.32234848484848,2.83093568463099
"240",244,"Masculin",75,80,90,90,65,60,60,75,83.75,65,0.805,4.13,2.06190908664624,0.715,3.78391959798995,1.10388679350002,0.673469387755102,4.17525773195876,2.96379924339239,0.725490196078431,6.51960784313725,2.22950141250725,0.729739895958383,4.65219629327149,2.08977413401148
"241",245,"Masculin",70,70,80,80,40,50,65,65,75,55,0.63,3.355,1.81202382550004,0.71,4.06,1.0159314865,0.715909090909091,5.57471264367816,2.33115963230496,0.678571428571429,5.38181818181818,3.49183998050089,0.68362012987013,4.59288270637409,2.16273873120147
"242",246,"Masculin",60,90,70,90,90,50,70,20,77.5,57.5,0.875,5.53266331658291,1.74531283742911,0.695,3.5,1.06406500699999,0.74468085106383,4.36559139784946,2.12498787272646,0.632075471698113,4.36792452830189,2.28397420367382,0.736689080690486,4.44154481068357,1.80458498020735
"243",247,"Masculin",75,80,70,50,65,60,40,70,68.75,58.75,0.79,4.28140703517588,2.09721507499999,0.685,3.84263959390863,1.49253167250001,0.6875,4.26595744680851,2.70256744791662,0.721153846153846,5.5631067961165,2.3101123384615,0.720913461538462,4.48827771800238,2.15060663346953
"244",248,"Feminin",70,80,75,85,90,70,65,75,77.5,75,0.79,4.585,1.55868443942178,0.725,3.84924623115578,1.03078941500003,0.71,4.35,1.35227143199997,0.73,5.7,1.37185638299998,0.73875,4.62106155778894,1.32840041735544
"245",249,"Masculin",80,60,70,75,40,50,70,70,71.25,57.5,0.67,4.57575757575758,1.4409564745,0.73,4.15,0.775240190499987,0.796116504854369,5.16504854368932,1.86524241456312,0.639175257731959,4.9375,1.82861776701026,0.708822940646582,4.70707652986172,1.47751421164334
"246",250,"Feminin",30,25,20,50,40,50,20,60,31.25,42.5,0.735,4.225,2.1152473606492,0.72,3.235,0.957533386499995,0.628865979381443,4.88421052631579,1.89726909159103,0.699029126213592,5.10679611650485,2.66798674052486,0.695723776398759,4.36275166070516,1.90950914481627
"247",252,"Feminin",75,60,40,60,30,60,70,75,58.75,58.75,0.755,3.44444444444444,1.85829633183012,0.73,4.23115577889447,0.917598733499985,0.682242990654206,4.21698113207547,1.72919402692511,0.741935483870968,5.04395604395604,1.97637205941465,0.727294618631293,4.23413434984261,1.62036528791747
"248",253,"Masculin",85,80,50,65,70,75,50,65,70,65,0.72,4.37,1.61227184300003,0.715,4.69346733668342,0.714479236000018,0.634408602150538,4.73118279569892,1.56404812903225,0.700934579439252,5.35514018691589,1.62580586915884,0.692585795397447,4.78744757982456,1.37915126929779
"249",254,"Masculin",70,65,70,75,55,75,65,55,70,62.5,0.735,4.46,1.76570596575162,0.73,5.10050251256281,0.843344945000003,0.723404255319149,4.68817204301075,2.05651283404255,0.707547169811321,5.08490566037736,1.80916913490573,0.723987856282617,4.83339505398773,1.61868321992497
"250",255,"Masculin",75,50,80,50,25,75,66,70,63.75,59,0.555,3.72361809045226,1.08160304350003,0.72,3.68844221105528,0.807840268000002,0.685185185185185,4.58653846153846,1.48301105462959,0.771739130434783,5.01086956521739,2.19162390543479,0.682981078904992,4.25236708206585,1.3910195678911
"251",256,"Feminin",60,80,40,30,40,40,30,70,52.5,45,0.785,4.03,1.98578332569134,0.72,4.475,0.860608282499988,0.717391304347826,4.15555555555556,1.78681764156591,0.731481481481482,5.77570093457944,1.90907368120597,0.738468196457327,4.60906412253375,1.6355707327408
"252",257,"Feminin",78,95,35,50,85,51,10,35,64.5,45.25,0.79,4.93,1.9598302805,0.715,3.95,0.794155290500003,0.704761904761905,3.85576923076923,3.0139350532454,0.673684210526316,5.41573033707865,2.76970033646575,0.720861528822055,4.53787489196197,2.13440524017779
"253",258,"Feminin",96,80,70,80,70,50,40,60,81.5,55,0.8,5.12,1.80909453823397,0.745,4.605,1.02357049750001,0.663461538461538,4.11538461538461,1.96135444967563,0.71875,5.78125,2.6714994446121,0.731802884615385,4.90540865384615,1.86637973250543
"254",259,"Feminin",60,60,70,90,10,20,10,90,70,32.5,0.72,3.40201005025126,1.10168824600004,0.745,4.195,0.825745413500006,0.660869565217391,3.44347826086957,1.68282987739134,0.705882352941177,6.08235294117647,3.44180327058824,0.707937979539642,4.28071031307432,1.76301670186991
"255",260,"Feminin",80,70,25,20,75,55,15,55,48.75,50,0.875,4.98994974874372,1.44787522020871,0.705,4.41708542713568,1.06642440200003,0.714285714285714,4.0989010989011,1.83105550879114,0.73394495412844,5.01834862385321,2.18612143394497,0.757057667103539,4.63107122465843,1.63286914123621
"256",261,"Masculin",80,75,70,60,60,65,60,70,71.25,63.75,0.805,5.305,2.08398940599998,0.72,5.075,1.191403352,0.675675675675676,5.00900900900901,1.9400421990991,0.685393258426966,4.79775280898876,2.7886375235955,0.721517233525661,5.04669045449944,2.00101812017364
"257",262,"Feminin",80,60,85,70,85,30,70,80,73.75,66.25,0.87,4.49748743718593,2.42240953240612,0.725,3.64321608040201,1.08308170099998,0.6875,4.3956043956044,5.271324939343,0.644230769230769,5.72549019607843,4.09161831796296,0.731682692307692,4.56544952731769,3.21710862267802
"258",263,"Feminin",60,70,50,70,30,60,65,70,62.5,56.25,0.765,4.07,1.77191337250001,0.73,3.8643216080402,0.699929978500018,0.694444444444444,4.12037037037037,1.6457530093255,0.717391304347826,5.49450549450549,1.82663776798992,0.726708937198068,4.38729936822902,1.48605853207886
"259",264,"Masculin",80,70,85,75,85,60,70,55,77.5,67.5,0.855,5.13846153846154,2.09962535331335,0.73,3.01,1.32215529500001,0.702970297029703,4.64356435643564,1.95094056927115,0.747474747474748,4.39393939393939,2.62828471110505,0.758861261126113,4.29649132220914,2.00025148217239
"260",265,"Masculin",45,60,70,50,40,55,60,50,56.25,51.25,0.74,3.62051282051282,2.32367691,0.725,3.8,1.24452226049999,0.663265306122449,5.45918367346939,3.16115242142852,0.696078431372549,4.83333333333333,3.33012885098035,0.706085934373749,4.42825745682889,2.51487011072722
"261",266,"Feminin",60,60,40,40,65,65,30,35,50,48.75,0.8,2.89230769230769,1.49740340979354,0.73,3.25,0.875968906500029,0.691588785046729,2.20560747663551,2.07646670289882,0.731182795698925,3.76923076923077,1.63946693314,0.738192895186413,3.02928648454349,1.5223264880831
"262",267,"Masculin",33,50,75,55,51,55,65,55,53.25,56.5,0.615,3.08,1.90597454500002,0.705,4.2741116751269,1.22722671350002,0.696969696969697,4.29787234042553,2.7403335737374,0.683168316831683,4.18556701030928,2.4197025059406,0.675034503450345,3.95938775646543,2.07330933454451
"263",268,"Masculin",70,80,60,95,60,70,65,85,76.25,70,0.645,4.84,1.83545418697907,0.695,5.115,0.833798692999967,0.707547169811321,5.24528301886792,1.82762797924423,0.712765957446808,6.41489361702128,2.02321934583465,0.690078281814532,5.4037941589723,1.63002505126448
"264",269,"Masculin",75,70,67,60,75,57,55,67,68,63.5,0.91,5.55,1.36018037650002,0.725,4.73,0.728812275500004,0.715789473684211,4.53191489361702,3.88197301207517,0.695238095238095,4.36538461538461,3.18512881058215,0.761506892230576,4.79432487725041,2.28902361866434
"265",270,"Masculin",80,80,70,70,60,75,40,70,75,61.25,0.65,4.57070707070707,2.10622231643829,0.72,5.66331658291457,0.753275127500005,0.727272727272727,4.30612244897959,3.0174572906479,0.683168316831683,5.61386138613861,3.17554597860687,0.695110261026103,5.03850187218496,2.26312517829827
"266",271,"Feminin",20,50,50,60,60,40,15,30,45,36.25,0.85,3.98,1.59935751705442,0.7,2.98492462311558,0.634322339499997,0.650485436893204,3.66990291262136,2.47566708726628,0.721649484536082,3.97916666666667,3.22238659142122,0.730533730357322,3.6534985506009,1.98293338381048
"267",273,"Feminin",85,65,50,60,70,50,55,65,65,60,0.865,5.34673366834171,1.64300411300002,0.71,2.59798994974874,1.344768312,0.741573033707865,3.71910112359551,2.15432647640447,0.702702702702703,5.16666666666667,3.34434919369371,0.754818934102642,4.20762285208816,2.12161202377455
"268",274,"Feminin",65,75,55,55,85,30,20,55,62.5,47.5,0.895,4.90954773869347,1.62712999099997,0.725,2.41,1.12737399400004,0.731958762886598,4.13541666666667,1.72870913508663,0.70873786407767,5.3921568627451,1.67994922534105,0.765174156741067,4.21178031702631,1.54079058635692
"269",275,"Masculin",75,65,70,75,55,60,55,60,71.25,57.5,0.73,3.12,3.07562704499998,0.72,2.84,1.70764219550001,0.693693693693694,3.6036036036036,3.47082846478282,0.719101123595506,4.51724137931035,3.80802668932611,0.7156987043223,3.52021124572849,3.01553109865223
"270",276,"Masculin",70,60,65,80,40,60,45,50,68.75,48.75,0.71,4.54040404040404,1.6486448546477,0.74,3.84,0.542709552000033,0.6875,4.07291666666667,0.947354224999988,0.701923076923077,4.28846153846154,0.769263516346218,0.709855769230769,4.18544556138306,0.976993036998485
"271",277,"Masculin",60,80,50,50,90,80,60,90,60,80,0.755,5.26,1.53560171700003,0.71,4.37878787878788,0.936634471500008,0.608695652173913,3,0.94919854447137,0.712962962962963,5.49074074074074,0.733834525381781,0.696664653784219,4.53238215488216,1.0388173145883
"272",278,"Masculin",85,75,65,80,80,50,70,70,76.25,67.5,0.905,5.46969696969697,2.11970792665981,0.775,2.16,1.16822831250005,0.701149425287356,3.09411764705882,4.66334237931035,0.716814159292035,3.7787610619469,5.30449448230089,0.774490896144848,3.62564391967567,3.31394327519277
"273",279,"Masculin",50,70,50,60,50,70,60,40,57.5,55,0.825,4.04,1.72724989900002,0.72,3.68,1.20851750000003,0.712765957446808,3.82978723404255,3.39312162765947,0.707547169811321,4.54716981132075,3.2240940556604,0.741328281814532,4.02423926134083,2.38824577057998
"274",280,"Masculin",70,50,70,75,60,50,70,75,66.25,63.75,0.785,4.61,2.64204766996633,0.725,4.24120603015075,1.2541379955,0.698924731182796,4.46236559139785,2.40498590138528,0.728971962616822,5.89719626168224,3.07582850859016,0.734474173449905,4.80269197080771,2.34425001886044
"275",281,"Masculin",80,80,90,90,33,25,40,70,85,42,0.71,5.03517587939699,1.71193687699999,0.725,3.9,1.10600684850004,0.681818181818182,4.18518518518519,2.13533369553763,0.722222222222222,5.96629213483146,3.50886811414648,0.709760101010101,4.77166329985341,2.11553638379604
"276",282,"Masculin",95,85,75,75,50,85,80,65,82.5,70,0.86,3.78461538461538,2.6789158434189,0.74,4.17085427135678,1.15078694900001,0.744897959183674,3.79591836734694,3.27820559001273,0.705882352941177,4.08910891089109,2.84821949522326,0.762695078031213,3.96012423355255,2.48903196941372
"277",283,"Masculin",60,60,60,50,65,70,50,60,57.5,61.25,0.815,5.27272727272727,1.82502784850002,0.735,4.74874371859296,1.00006184550002,0.75,4.30434782608696,2.13496190000004,0.722222222222222,4.46296296296296,1.98175239629634,0.755555555555556,4.69719544509254,1.73545099757411
"278",284,"Feminin",75,75,50,80,25,75,10,70,70,45,0.735,3.7979797979798,2.31426694424513,0.74,3.51256281407035,1.421598677,0.683673469387755,3.52577319587629,2.53128330612242,0.725490196078431,5.29411764705882,2.44248509607845,0.721040916366547,4.03260836374632,2.1774085058615
"279",285,"Masculin",50,50,50,50,30,60,75,70,50,58.75,0.645,3.21105527638191,1.24010907649995,0.73,3.36,0.689487696000042,0.704761904761905,5.40952380952381,1.67816168190474,0.747368421052632,5.16842105263158,1.68667474315797,0.706782581453634,4.28725003463432,1.32360829939067
"280",286,"Masculin",75,70,20,20,50,60,15,75,46.25,50,0.835,5.35678391959799,1.67395227800006,0.7,3.78787878787879,1.39166491599998,0.683168316831683,4.34343434343434,2.54375811980201,0.696969696969697,5.72340425531915,2.97520054747476,0.728784503450345,4.80287532655757,2.1461439653192
"281",287,"Feminin",80,70,50,50,75,60,40,50,62.5,56.25,0.845,4.905,1.43339185431777,0.7,4.395,1.17858506499996,0.655913978494624,4.49450549450549,2.26719930223676,0.728971962616822,5.27102803738318,2.14331640581854,0.732471485277862,4.76638338297217,1.75562315684326
"282",288,"Feminin",60,70,50,30,70,40,30,30,52.5,42.5,0.82,3.825,2.01952637755602,0.725,2.99,0.669125583500008,0.75,3.98863636363636,3.44623612855833,0.705357142857143,3.71171171171171,2.95170974046381,0.750089285714286,3.62883701883702,2.27164945751954
"283",289,"Feminin",80,80,60,60,60,70,10,80,70,55,0.835,5.085,2.07413322950001,0.735,3.91457286432161,1.06650584700001,0.604395604395604,1.30769230769231,0.603121256451591,0.73394495412844,5.25688073394495,0.987478475462872,0.727085139631011,3.89103647648972,1.18280970210362
"284",290,"Masculin",75,90,80,90,35,85,50,60,83.75,57.5,0.765,4.26288659793814,2.0863968759495,0.705,5.19,0.931754226499975,0.681318681318681,4.66292134831461,2.20967398886545,0.678899082568807,5.66666666666667,2.17096778117423,0.707554440971872,4.94561865322985,1.84969821812229
"285",291,"Masculin",50,50,80,80,35,80,75,50,65,60,0.71,4.12626262626263,1.9619072217196,0.715,6.30653266331658,1.13798096400003,0.715686274509804,5.86,2.25671427928362,0.704081632653061,6.30612244897959,2.51389622647523,0.711191976790716,5.6497294346397,1.96762467286962
"286",292,"Feminin",100,80,60,80,55,30,60,70,80,53.75,0.685,4.31155778894472,2.32589310732233,0.71,2.245,0.98973216649998,0.731958762886598,3.70833333333333,2.71338522992076,0.718446601941748,5.52427184466019,2.79903497653157,0.711351341207086,3.94729074173456,2.20701137006866
"287",293,"Feminin",75,65,60,60,50,70,40,50,65,52.5,0.765,4.7286432160804,1.74814607049995,0.69,5.36,1.23701524049997,0.739130434782609,3.46153846153846,2.31127827756068,0.712962962962963,5.31132075471698,3.38450704040047,0.726773349436393,4.71537560808396,2.17023665724027
"288",294,"Masculin",70,75,80,80,60,60,65,70,76.25,63.75,0.71,4.885,1.25872842285159,0.715,4.515,0.853162761999984,0.721649484536082,4.51041666666667,1.78387375059904,0.718446601941748,5.54368932038835,1.38268598590044,0.716274021619458,4.86352649676375,1.31961273033776
"289",295,"Masculin",50,60,75,60,65,70,45,75,61.25,63.75,0.765,5.20603015075377,1.95975377661901,0.73,4.1734693877551,1.72889054100001,0.708333333333333,4.48387096774194,3.89288382762591,0.721153846153846,5.63461538461539,3.594168575294,0.731121794871795,4.87449647271655,2.79392418013473
"290",296,"Feminin",45,55,30,50,50,35,30,80,45,48.75,0.775,4.95408163265306,1.56131104133879,0.69,3.94,0.660310203499998,0.653061224489796,4.81632653061224,1.78434338394744,0.676470588235294,6.03921568627451,2.22371547129992,0.698632953181272,4.93740596238495,1.55742002502154
"291",298,"Feminin",75,80,75,40,80,40,75,60,67.5,63.75,0.85,5.46733668341709,1.77588837256329,0.69,4.46733668341709,1.08352473199992,0.733333333333333,4.6,1.63580793630573,0.726315789473684,5.43157894736842,1.58845057594701,0.749912280701754,4.99156307855065,1.52091790420399
"292",299,"Feminin",75,70,60,70,70,75,60,80,68.75,71.25,0.79,4.17,1.3695824715,0.695,4.62,0.862297000000026,0.688679245283019,4.16981132075472,1.67656307474311,0.734042553191489,5.75531914893617,1.49461115611922,0.726930449618627,4.67878261742272,1.35076342559059
"293",300,"Feminin",70,80,50,60,70,40,10,60,65,45,0.89,5.37688442211055,1.80043548724868,0.72,4.775,0.657370705000058,0.7,3.03333333333333,2.14026062177438,0.736363636363636,4.51818181818182,2.62006607635128,0.761590909090909,4.42584989340643,1.8045332225936
"294",301,"Feminin",75,70,63,65,70,60,40,50,68.25,55,0.845,4.50251256281407,1.88257537899998,0.735,4.17,1.3636133765,0.710280373831776,3.09345794392523,4.83218297196264,0.67741935483871,3.29347826086957,6.85145144408604,0.741924932167621,3.76486219190222,3.73245579288717
"295",302,"Masculin",62,75,80,65,70,60,90,75,70.5,73.75,0.77,3.94416243654822,1.80124467814269,0.725,3.28,1.23330409500002,0.714285714285714,5.36936936936937,2.17452305843596,0.704545454545455,5.45977011494253,2.61713852569005,0.728457792207792,4.51332548021503,1.95655258931718
"296",303,"Masculin",80,80,80,90,55,71,79,77,82.5,70.5,0.74,5.1,1.77952311200002,0.72,5.678391959799,1.46619624349998,0.711538461538462,6.46078431372549,2.42038905288461,0.6875,6.23958333333333,3.12213842708336,0.714759615384615,5.86968990171445,2.19706170886699
"297",304,"Masculin",80,65,72,60,42,68,57,85,69.25,63,0.78,4.08,2.72218079924655,0.7,4.4,0.800399851000029,0.715596330275229,4.54285714285714,2.8669453814341,0.703296703296703,5.23076923076923,3.87149765581864,0.724723258392983,4.56340659340659,2.56525592187483
"298",305,"Masculin",50,50,50,80,40,50,40,70,57.5,50,0.73,3.055,1.2505039845,0.72,4.09644670050761,0.957366206500076,0.730769230769231,5.06730769230769,2.28206155883899,0.729166666666667,5.4375,4.84620868773524,0.727483974358974,4.41406359820383,2.33403510939358
"299",306,"Feminin",80,70,80,90,70,60,65,75,80,67.5,0.79,4.76344086021505,1.5404129952469,0.705,2.815,1.21593208900004,0.701923076923077,3.09615384615385,2.30709458366566,0.729166666666667,4.78125,2.12096436908056,0.731522435897436,3.86396117659223,1.79610100924829
"300",307,"Feminin",60,50,20,60,70,60,10,30,47.5,42.5,0.785,4.41,1.08808152787321,0.73,3.5,0.923708520999972,0.729166666666667,1.87368421052632,1.6252195573027,0.701923076923077,3.95192307692308,2.16872527865806,0.736522435897436,3.43390182186235,1.45143372120849
"301",308,"Feminin",93,87,38,85,67,75,20,30,75.75,48,0.815,5.49246231155779,1.43290110481103,0.75,4.63,1.03940005450002,0.684782608695652,3.48913043478261,1.32483218778548,0.740740740740741,4.57943925233645,1.20410104184257,0.747630837359098,4.54775799966921,1.25030859723477
"302",309,"Feminin",75,69,90,91,49,63,73,79,81.25,66,0.755,3.95477386934673,1.86969120349997,0.72,4.92964824120603,1.19630809800001,0.714285714285714,5.46666666666667,1.91812720666668,0.715789473684211,6.14893617021277,1.8201011926316,0.726268796992481,5.12500623685805,1.70105692519956
"303",310,"Feminin",60,60,30,40,40,55,70,65,47.5,57.5,0.725,3.885,1.52062112983321,0.72,3.715,0.880275565999932,0.704347826086957,5.4695652173913,1.5106604626808,0.705882352941177,6.08235294117647,1.51130170689311,0.713807544757033,4.78797953964194,1.35571471635176
"304",311,"Feminin",70,65,60,80,60,70,30,70,68.75,57.5,0.74,3.63,1.26782988656846,0.745,3.935,0.807946247500002,0.745283018867924,4.09523809523809,3.0509112141261,0.74468085106383,4.71428571428571,4.12535549716887,0.743740967482938,4.09363095238095,2.31301071134086
"305",312,"Feminin",70,50,40,80,20,40,60,40,60,40,0.735,4.27638190954774,1.82351988954532,0.71,4.56,1.22938626300005,0.677777777777778,4.44444444444444,2.67923026342497,0.636363636363636,5.30909090909091,2.38193868009979,0.689785353535354,4.64747931577077,2.02851877401753
"306",313,"Masculin",70,70,80,80,50,75,60,85,75,67.5,0.75,5.20100502512563,2.22049442557205,0.725,5.75,0.792092887500001,0.669902912621359,5.5631067961165,2.48562093883493,0.721649484536082,6.37113402061856,2.55040337422673,0.71663809928936,5.72131146046517,2.01215290653343
"307",314,"Masculin",30,50,80,70,50,70,40,30,57.5,47.5,0.595,3.90909090909091,1.49218677233045,0.725,4.88,0.945574802499987,0.682692307692308,4.94230769230769,1.26936180923244,0.739583333333333,4.78947368421053,1.49963430509446,0.68556891025641,4.63021807140228,1.30168942228933
"308",315,"Feminin",60,65,70,45,35,20,30,20,60,26.25,0.785,4.06,1.45939005138238,0.725,3.08,1.11516240849999,0.628318584070796,4.61061946902655,2.15942133185208,0.666666666666667,4.79310344827586,2.34239529528011,0.701246312684366,4.1359307293256,1.76909227175364
"309",316,"Masculin",45,50,60,70,30,55,45,75,56.25,51.25,0.745,3.51,1.8494519801789,0.72,3.64,1.18117582699999,0.738738738738739,4.6697247706422,2.49864834948215,0.741573033707865,4.96590909090909,2.63065729817094,0.736327943111651,4.19640846538782,2.039983363708
"310",317,"Feminin",70,65,50,75,65,55,20,30,65,42.5,0.785,5.335,1.40916501149999,0.725,5.20812182741117,0.731982521500001,0.602040816326531,3.97959183673469,2.10368089789546,0.754901960784314,5.73529411764706,1.96324970197476,0.716735694277711,5.06450194544823,1.55201953321755
"311",318,"Masculin",60,70,80,70,75,65,80,65,70,71.25,0.815,4.6969696969697,1.96471882096136,0.74,5.03,0.907477419999982,0.691588785046729,6.32075471698113,2.3482891846924,0.56989247311828,5.9247311827957,2.33310971950397,0.704120314541252,5.49311389918663,1.88839878628943
"312",319,"Feminin",65,85,56,60,85,63,55,62,66.5,66.25,0.85,5.51,1.37664556650002,0.72,4.22335025380711,0.89661560950002,0.700934579439252,4.69158878504673,1.47480350654199,0.709677419354839,5.95652173913043,1.29289289892474,0.745152999698523,5.09536519449607,1.26023939536669
"313",320,"Feminin",20,30,20,10,20,40,30,20,20,27.5,0.79,4.74,1.73342589059182,0.73,4.565,0.864440041999998,0.652173913043478,5.01086956521739,1.5451519619565,0.731481481481482,5.08333333333333,1.83407456111112,0.72591384863124,4.84980072463768,1.49427311391486
"314",321,"Feminin",60,80,50,80,50,50,20,50,67.5,42.5,0.75,4.89,2.09740795150001,0.7,5.72,1.12472618599999,0.701923076923077,5.56730769230769,2.3304790163461,0.729166666666667,6.05208333333333,3.19323791770831,0.720272435897436,5.55734775641026,2.1864627678886
"315",323,"Feminin",70,75,60,80,40,45,50,50,71.25,46.25,0.69,3.5959595959596,2.15777761917996,0.71,4.345,0.826875139999965,0.716981132075472,4.25242718446602,3.73397995245406,0.691489361702128,5.51612903225806,3.34291747605417,0.7021176234444,4.42737895317092,2.51538754692204
"316",324,"Feminin",80,80,50,50,65,60,50,55,65,57.5,0.84,5.4040404040404,2.11497466437354,0.75,4.41708542713568,0.740573824,0.677083333333333,4.70967741935484,2.87520934693814,0.701923076923077,5.73737373737374,3.0332631090871,0.742251602564103,5.06704424697616,2.1910052360997
"317",325,"Feminin",80,80,70,80,70,70,60,60,77.5,65,0.805,4.23115577889447,0.924167548860437,0.72,3.85,0.601771950499981,0.720930232558139,4.54117647058824,1.05562975787171,0.684210526315789,5.10526315789474,1.12089705263955,0.732535189718482,4.43189885184436,0.925616577467921
"318",326,"Feminin",75,60,30,80,35,60,35,50,61.25,45,0.82,4.09,1.61420976593494,0.71,3.77889447236181,0.998720437999991,0.711340206185567,3.57291666666667,1.62923468350523,0.728155339805825,5.38834951456311,2.17822216019423,0.742373886497848,4.2075401633979,1.6050967619086
"319",327,"Masculin",60,50,70,70,20,40,70,60,62.5,47.5,0.725,5.435,1.395518469,0.715,4.075,1.096226765,0.771739130434783,5.92391304347826,2.19288063260867,0.685185185185185,5.94444444444444,2.56716585092594,0.724231078904992,5.34458937198068,1.81294792938365
"320",328,"Feminin",75,80,65,60,90,60,60,75,70,71.25,0.895,5.3,1.73396833736978,0.72,2.99,0.868463769500026,0.714285714285714,4.47572815533981,2.6410827506953,0.747368421052632,5.31182795698925,3.00854861518219,0.769163533834586,4.51938902808226,2.06301586818683
"321",329,"Feminin",80,70,20,65,76,85,30,65,58.75,64,0.825,4.41,1.71677116549999,0.71,4.485,0.866503268999986,0.711340206185567,2.15789473684211,1.75352596414559,0.747572815533981,5.83168316831683,1.9392761651213,0.748478255429887,4.22114447628973,1.56901914094172
"322",330,"Masculin",80,70,60,60,80,80,80,80,67.5,80,0.785,4.51,1.47027416780899,0.71,4.74,0.931016926000007,0.704545454545455,4.29885057471264,1.51031012132941,0.696428571428571,4.82882882882883,2.64508540102554,0.723993506493506,4.59441985088537,1.63917165404099
