"","subject","modality","accuracy","mean(confidence, na.rm = T)"
"1",1,"Calories",0,4.24137931034483
"2",1,"Calories",1,5.03947368421053
"3",1,"GDP",0,2.44444444444444
"4",1,"GDP",1,4.38461538461539
"5",1,"memory",0,1.95833333333333
"6",1,"memory",1,4.89080459770115
"7",1,"vision",0,2.7719298245614
"8",1,"vision",1,3.47887323943662
"9",2,"Calories",0,5.1875
"10",2,"Calories",1,5.76923076923077
"11",2,"GDP",0,3.2
"12",2,"GDP",1,4.5
"13",2,"memory",0,3.43478260869565
"14",2,"memory",1,4.71428571428571
"15",2,"vision",0,4.30188679245283
"16",2,"vision",1,5.43537414965986
"17",3,"Calories",0,5.37037037037037
"18",3,"Calories",1,5.98550724637681
"19",3,"GDP",0,5.26666666666667
"20",3,"GDP",1,6.09459459459459
"21",3,"memory",0,3.78481012658228
"22",3,"memory",1,5.0495867768595
"23",3,"vision",0,6.29032258064516
"24",3,"vision",1,6.70289855072464
"25",4,"Calories",0,4.84615384615385
"26",4,"Calories",1,5.66666666666667
"27",4,"GDP",0,4.22857142857143
"28",4,"GDP",1,5.12857142857143
"29",4,"memory",0,3.03636363636364
"30",4,"memory",1,4.31944444444444
"31",4,"vision",0,3.34545454545455
"32",4,"vision",1,4.11724137931034
"33",5,"Calories",0,4.88571428571429
"34",5,"Calories",1,5.47435897435897
"35",5,"GDP",0,2.23076923076923
"36",5,"GDP",1,4.9344262295082
"37",5,"memory",0,1.6551724137931
"38",5,"memory",1,4.58479532163743
"39",5,"vision",0,3.32727272727273
"40",5,"vision",1,3.93103448275862
"41",6,"Calories",0,4.47058823529412
"42",6,"Calories",1,5.65333333333333
"43",6,"GDP",0,2.22222222222222
"44",6,"GDP",1,5.23809523809524
"45",6,"memory",0,1.32352941176471
"46",6,"memory",1,5.28048780487805
"47",6,"vision",0,3.19642857142857
"48",6,"vision",1,4
"49",7,"Calories",0,4.77777777777778
"50",7,"Calories",1,5.04761904761905
"51",7,"GDP",0,5.2258064516129
"52",7,"GDP",1,4.67142857142857
"53",7,"memory",0,4.70769230769231
"54",7,"memory",1,4.96470588235294
"55",7,"vision",0,4.91525423728814
"56",7,"vision",1,4.91428571428571
"57",8,"Calories",0,4.5
"58",8,"Calories",1,5.51351351351351
"59",8,"GDP",0,3.51612903225806
"60",8,"GDP",1,4.6865671641791
"61",8,"memory",0,2.88
"62",8,"memory",1,5.77714285714286
"63",8,"vision",0,3.61111111111111
"64",8,"vision",1,4.34246575342466
"65",9,"Calories",0,5.36666666666667
"66",9,"Calories",1,6.140625
"67",9,"GDP",0,2.57575757575758
"68",9,"GDP",1,3.43055555555556
"69",9,"memory",0,3.60493827160494
"70",9,"memory",1,4.36974789915966
"71",9,"vision",0,3.09090909090909
"72",9,"vision",1,3.56944444444444
"73",10,"Calories",0,3.76923076923077
"74",10,"Calories",1,5.34666666666667
"75",10,"GDP",0,2.71428571428571
"76",10,"GDP",1,4.07246376811594
"77",10,"memory",0,1.35897435897436
"78",10,"memory",1,4.58385093167702
"79",10,"vision",0,2.49090909090909
"80",10,"vision",1,3.71034482758621
"81",11,"Calories",0,4.96551724137931
"82",11,"Calories",1,4.375
"83",11,"GDP",0,2.6551724137931
"84",11,"GDP",1,3.69117647058824
"85",11,"memory",0,3.21621621621622
"86",11,"memory",1,5.45341614906832
"87",11,"vision",0,2.73333333333333
"88",11,"vision",1,3.65714285714286
"89",12,"Calories",0,4.4
"90",12,"Calories",1,5.46052631578947
"91",12,"GDP",0,2.91666666666667
"92",12,"GDP",1,5.05479452054795
"93",12,"memory",0,2.22448979591837
"94",12,"memory",1,4.49333333333333
"95",12,"vision",0,4.24074074074074
"96",12,"vision",1,5.1448275862069
"97",13,"Calories",0,4.25
"98",13,"Calories",1,5.19444444444444
"99",13,"GDP",0,2.77777777777778
"100",13,"GDP",1,3.95774647887324
"101",13,"memory",0,2.25
"102",13,"memory",1,4.83030303030303
"103",13,"vision",0,3.75471698113208
"104",13,"vision",1,4.40136054421769
"105",14,"Calories",0,5.3448275862069
"106",14,"Calories",1,5.80882352941176
"107",14,"GDP",0,4.19354838709677
"108",14,"GDP",1,5.16666666666667
"109",14,"memory",0,2.73913043478261
"110",14,"memory",1,5.12429378531073
"111",14,"vision",0,4.34545454545455
"112",14,"vision",1,5.11724137931034
"113",15,"Calories",0,5.23076923076923
"114",15,"Calories",1,6.09210526315789
"115",15,"GDP",0,4.36666666666667
"116",15,"GDP",1,5.45454545454545
"117",15,"memory",0,2.71929824561404
"118",15,"memory",1,5.01398601398601
"119",15,"vision",0,3.46428571428571
"120",15,"vision",1,4.83916083916084
"121",16,"Calories",0,6.07142857142857
"122",16,"Calories",1,6.33333333333333
"123",16,"GDP",0,2.03030303030303
"124",16,"GDP",1,2.0625
"125",16,"memory",0,3.44186046511628
"126",16,"memory",1,4.12101910828025
"127",16,"vision",0,2.49122807017544
"128",16,"vision",1,2.71328671328671
"129",17,"Calories",0,4.57692307692308
"130",17,"Calories",1,4.95081967213115
"131",17,"GDP",0,2.46666666666667
"132",17,"GDP",1,4.33734939759036
"133",17,"memory",0,1.85106382978723
"134",17,"memory",1,4.13725490196078
"135",17,"vision",0,4.10769230769231
"136",17,"vision",1,4.29850746268657
"137",18,"Calories",0,4
"138",18,"Calories",1,4.36363636363636
"139",18,"GDP",0,3.57894736842105
"140",18,"GDP",1,4.40277777777778
"141",18,"memory",0,2.69767441860465
"142",18,"memory",1,5.72611464968153
"143",18,"vision",0,4.09677419354839
"144",18,"vision",1,4.56934306569343
"145",19,"Calories",0,5.63636363636364
"146",19,"Calories",1,6.17647058823529
"147",19,"GDP",0,4.6
"148",19,"GDP",1,5.7972972972973
"149",19,"memory",0,3.6304347826087
"150",19,"memory",1,5.31168831168831
"151",19,"vision",0,4.68965517241379
"152",19,"vision",1,4.92253521126761
"153",20,"Calories",0,3.96
"154",20,"Calories",1,5.85074626865672
"155",20,"GDP",0,3.35135135135135
"156",20,"GDP",1,4.57746478873239
"157",20,"memory",0,2.26315789473684
"158",20,"memory",1,5.53038674033149
"159",20,"vision",0,2.17647058823529
"160",20,"vision",1,3.06711409395973
"161",21,"Calories",0,4.44444444444444
"162",21,"Calories",1,5.72058823529412
"163",21,"GDP",0,2.6875
"164",21,"GDP",1,3.7887323943662
"165",21,"memory",0,2.20338983050847
"166",21,"memory",1,3.81428571428571
"167",21,"vision",0,2
"168",21,"vision",1,2.75342465753425
"169",22,"Calories",0,5.3448275862069
"170",22,"Calories",1,5.90123456790123
"171",22,"GDP",0,5.18518518518519
"172",22,"GDP",1,6.18333333333333
"173",22,"memory",0,3.62962962962963
"174",22,"memory",1,6.08720930232558
"175",22,"vision",0,3.96153846153846
"176",22,"vision",1,4.83783783783784
"177",23,"Calories",0,5.27586206896552
"178",23,"Calories",1,6.07575757575758
"179",23,"GDP",0,2.75757575757576
"180",23,"GDP",1,5.76056338028169
"181",23,"memory",0,2.13888888888889
"182",23,"memory",1,4.18705035971223
"183",23,"vision",0,2.74545454545455
"184",23,"vision",1,4.44137931034483
"185",24,"Calories",0,6.22222222222222
"186",24,"Calories",1,5.91304347826087
"187",24,"GDP",0,5.17857142857143
"188",24,"GDP",1,5.86666666666667
"189",24,"memory",0,2.54545454545455
"190",24,"memory",1,6.23809523809524
"191",24,"vision",0,3.25454545454545
"192",24,"vision",1,4.2551724137931
"193",25,"Calories",0,4.20833333333333
"194",25,"Calories",1,5.40789473684211
"195",25,"GDP",0,2.46666666666667
"196",25,"GDP",1,4.04411764705882
"197",25,"memory",0,2.45945945945946
"198",25,"memory",1,4.31288343558282
"199",25,"vision",0,2.92982456140351
"200",25,"vision",1,3.71328671328671
"201",26,"Calories",0,4.95833333333333
"202",26,"Calories",1,6.04411764705882
"203",26,"GDP",0,1.80645161290323
"204",26,"GDP",1,3.09090909090909
"205",26,"memory",0,2.73076923076923
"206",26,"memory",1,4.52702702702703
"207",26,"vision",0,3.71428571428571
"208",26,"vision",1,4.71527777777778
"209",27,"Calories",0,4.78571428571429
"210",27,"Calories",1,5.98591549295775
"211",27,"GDP",0,2.36842105263158
"212",27,"GDP",1,2.93333333333333
"213",27,"memory",0,2.875
"214",27,"memory",1,4.41258741258741
"215",27,"vision",0,3.93220338983051
"216",27,"vision",1,4.54609929078014
"217",28,"Calories",0,4.64
"218",28,"Calories",1,5.63380281690141
"219",28,"GDP",0,4.6551724137931
"220",28,"GDP",1,5.69444444444444
"221",28,"memory",0,4.10344827586207
"222",28,"memory",1,4.50442477876106
"223",28,"vision",0,5.61224489795918
"224",28,"vision",1,5.8476821192053
"225",29,"Calories",0,4.93939393939394
"226",29,"Calories",1,5.42307692307692
"227",29,"GDP",0,2.56
"228",29,"GDP",1,3.83870967741935
"229",29,"memory",0,3.44262295081967
"230",29,"memory",1,4.36363636363636
"231",29,"vision",0,3.40740740740741
"232",29,"vision",1,4.09090909090909
"233",30,"Calories",0,4.03448275862069
"234",30,"Calories",1,4.56716417910448
"235",30,"GDP",0,3.76923076923077
"236",30,"GDP",1,4.58441558441558
"237",30,"memory",0,4.43243243243243
"238",30,"memory",1,5.73125
"239",30,"vision",0,4.17241379310345
"240",30,"vision",1,4.59712230215827
"241",31,"Calories",0,4.44444444444444
"242",31,"Calories",1,5.61904761904762
"243",31,"GDP",0,3.25714285714286
"244",31,"GDP",1,5.5
"245",31,"memory",0,3.27083333333333
"246",31,"memory",1,4.76335877862595
"247",31,"vision",0,2.91228070175439
"248",31,"vision",1,3.86713286713287
"249",32,"Calories",0,6.20689655172414
"250",32,"Calories",1,6.48684210526316
"251",32,"GDP",0,4.25
"252",32,"GDP",1,5.50746268656716
"253",32,"memory",0,4.89285714285714
"254",32,"memory",1,5.43965517241379
"255",32,"vision",0,4.12280701754386
"256",32,"vision",1,4.88028169014085
"257",33,"Calories",0,4.65384615384615
"258",33,"Calories",1,5.85074626865672
"259",33,"GDP",0,2.72727272727273
"260",33,"GDP",1,4.87837837837838
"261",33,"memory",0,1.675
"262",33,"memory",1,2.8
"263",33,"vision",0,3.0377358490566
"264",33,"vision",1,4.8843537414966
"265",34,"Calories",0,5.06060606060606
"266",34,"Calories",1,5.5
"267",34,"GDP",0,2.96296296296296
"268",34,"GDP",1,4.890625
"269",34,"memory",0,3.14035087719298
"270",34,"memory",1,4.74125874125874
"271",34,"vision",0,3.63461538461538
"272",34,"vision",1,4.85810810810811
"273",35,"Calories",0,4.85294117647059
"274",35,"Calories",1,6.14492753623188
"275",35,"GDP",0,3.1
"276",35,"GDP",1,4.22727272727273
"277",35,"memory",0,2.36842105263158
"278",35,"memory",1,5.25465838509317
"279",35,"vision",0,4.28767123287671
"280",35,"vision",1,4.85714285714286
"281",36,"Calories",0,4.7741935483871
"282",36,"Calories",1,5.16216216216216
"283",36,"GDP",0,4.30434782608696
"284",36,"GDP",1,5.62857142857143
"285",36,"memory",0,3.3
"286",36,"memory",1,5.00588235294118
"287",36,"vision",0,3.67857142857143
"288",36,"vision",1,4.26573426573427
"289",37,"Calories",0,4.28571428571429
"290",37,"Calories",1,5.58823529411765
"291",37,"GDP",0,4.11111111111111
"292",37,"GDP",1,5.01315789473684
"293",37,"memory",0,2.03448275862069
"294",37,"memory",1,4.42352941176471
"295",37,"vision",0,4.01666666666667
"296",37,"vision",1,4.45
"297",38,"Calories",0,5.02857142857143
"298",38,"Calories",1,6.02985074626866
"299",38,"GDP",0,3.03703703703704
"300",38,"GDP",1,4.36619718309859
"301",38,"memory",0,2.4
"302",38,"memory",1,5.92972972972973
"303",38,"vision",0,3.03448275862069
"304",38,"vision",1,4.20422535211268
"305",39,"Calories",0,5.5
"306",39,"Calories",1,5.77272727272727
"307",39,"GDP",0,4.18918918918919
"308",39,"GDP",1,5.55072463768116
"309",39,"memory",0,5.13924050632911
"310",39,"memory",1,5.74166666666667
"311",39,"vision",0,5.53191489361702
"312",39,"vision",1,6.5359477124183
"313",40,"Calories",0,6.16
"314",40,"Calories",1,6.33333333333333
"315",40,"GDP",0,3.45161290322581
"316",40,"GDP",1,4.3974358974359
"317",40,"memory",0,2.85365853658537
"318",40,"memory",1,4.89937106918239
"319",40,"vision",0,2.82142857142857
"320",40,"vision",1,4.73426573426573
"321",41,"Calories",0,4.6
"322",41,"Calories",1,6.16901408450704
"323",41,"GDP",0,2.03333333333333
"324",41,"GDP",1,4.65217391304348
"325",41,"memory",0,2
"326",41,"memory",1,5.44155844155844
"327",41,"vision",0,3.50909090909091
"328",41,"vision",1,5.19310344827586
"329",42,"Calories",0,5.36666666666667
"330",42,"Calories",1,5.33333333333333
"331",42,"GDP",0,3.17948717948718
"332",42,"GDP",1,5.09859154929577
"333",42,"memory",0,3.76
"334",42,"memory",1,5.74496644295302
"335",42,"vision",0,3.95
"336",42,"vision",1,4.9136690647482
"337",43,"Calories",0,2.3448275862069
"338",43,"Calories",1,2.77027027027027
"339",43,"GDP",0,1
"340",43,"GDP",1,1.31884057971015
"341",43,"memory",0,1.08235294117647
"342",43,"memory",1,1.26923076923077
"343",43,"vision",0,1.27777777777778
"344",43,"vision",1,2.06849315068493
"345",44,"Calories",0,4.52
"346",44,"Calories",1,5.46969696969697
"347",44,"GDP",0,2.54054054054054
"348",44,"GDP",1,4.51515151515152
"349",44,"memory",0,2.76363636363636
"350",44,"memory",1,4.77464788732394
"351",44,"vision",0,3.6
"352",44,"vision",1,4.1304347826087
"353",45,"Calories",0,5.61538461538461
"354",45,"Calories",1,5.96969696969697
"355",45,"GDP",0,4.35483870967742
"356",45,"GDP",1,5.48051948051948
"357",45,"memory",0,3.24615384615385
"358",45,"memory",1,5.26666666666667
"359",45,"vision",0,4.33928571428571
"360",45,"vision",1,5.625
"361",46,"Calories",0,3.14814814814815
"362",46,"Calories",1,4.56
"363",46,"GDP",0,2.24
"364",46,"GDP",1,4.57746478873239
"365",46,"memory",0,2.75862068965517
"366",46,"memory",1,5.68823529411765
"367",46,"vision",0,2.79245283018868
"368",46,"vision",1,4.28767123287671
"369",47,"Calories",0,3.77142857142857
"370",47,"Calories",1,4.55072463768116
"371",47,"GDP",0,3.83333333333333
"372",47,"GDP",1,5.58333333333333
"373",47,"memory",0,3.45901639344262
"374",47,"memory",1,4.47826086956522
"375",47,"vision",0,4.85185185185185
"376",47,"vision",1,5.16438356164384
"377",48,"Calories",0,5.2962962962963
"378",48,"Calories",1,6.15714285714286
"379",48,"GDP",0,4.19230769230769
"380",48,"GDP",1,5.62337662337662
"381",48,"memory",0,4
"382",48,"memory",1,5.81208053691275
"383",48,"vision",0,4.91071428571429
"384",48,"vision",1,5.74125874125874
"385",49,"Calories",0,4.35714285714286
"386",49,"Calories",1,6.22033898305085
"387",49,"GDP",0,3.10714285714286
"388",49,"GDP",1,4.67605633802817
"389",49,"memory",0,1.79166666666667
"390",49,"memory",1,6.42857142857143
"391",49,"vision",0,3.30357142857143
"392",49,"vision",1,4.67361111111111
"393",50,"Calories",0,5.95652173913043
"394",50,"Calories",1,6.03076923076923
"395",50,"GDP",0,3.5
"396",50,"GDP",1,4.94871794871795
"397",50,"memory",0,2.77611940298507
"398",50,"memory",1,4.40601503759398
"399",50,"vision",0,4.89285714285714
"400",50,"vision",1,5.25
"401",51,"Calories",0,5.73913043478261
"402",51,"Calories",1,5.7910447761194
"403",51,"GDP",0,4.93333333333333
"404",51,"GDP",1,6.25
"405",51,"memory",0,4.35714285714286
"406",51,"memory",1,5.22929936305732
"407",51,"vision",0,3.76470588235294
"408",51,"vision",1,4.34013605442177
"409",52,"Calories",0,5.17241379310345
"410",52,"Calories",1,5.52702702702703
"411",52,"GDP",0,3.2
"412",52,"GDP",1,4.70149253731343
"413",52,"memory",0,2.42857142857143
"414",52,"memory",1,4.54861111111111
"415",52,"vision",0,2.98245614035088
"416",52,"vision",1,4.23076923076923
"417",54,"Calories",0,4.07142857142857
"418",54,"Calories",1,4.29577464788732
"419",54,"GDP",0,1.53125
"420",54,"GDP",1,3.17391304347826
"421",54,"memory",0,2.96551724137931
"422",54,"memory",1,5.76023391812866
"423",54,"vision",0,3.96428571428571
"424",54,"vision",1,4.73611111111111
"425",55,"Calories",0,4.62962962962963
"426",55,"Calories",1,6.28125
"427",55,"GDP",0,3
"428",55,"GDP",1,5.33333333333333
"429",55,"memory",0,1.76666666666667
"430",55,"memory",1,6.29411764705882
"431",55,"vision",0,3.32692307692308
"432",55,"vision",1,5.12837837837838
"433",56,"Calories",0,4.07692307692308
"434",56,"Calories",1,5.31168831168831
"435",56,"GDP",0,2.78260869565217
"436",56,"GDP",1,4.05405405405405
"437",56,"memory",0,3.02941176470588
"438",56,"memory",1,5.3855421686747
"439",56,"vision",0,4.68421052631579
"440",56,"vision",1,5.46853146853147
"441",57,"Calories",0,5.17241379310345
"442",57,"Calories",1,5.31666666666667
"443",57,"GDP",0,3.6
"444",57,"GDP",1,4.78481012658228
"445",57,"memory",0,2.21276595744681
"446",57,"memory",1,4.87581699346405
"447",57,"vision",0,1.90384615384615
"448",57,"vision",1,2.21768707482993
"449",58,"Calories",0,5.36666666666667
"450",58,"Calories",1,5.90909090909091
"451",58,"GDP",0,3.08333333333333
"452",58,"GDP",1,4.58208955223881
"453",58,"memory",0,2.21428571428571
"454",58,"memory",1,5.90860215053763
"455",58,"vision",0,3.81666666666667
"456",58,"vision",1,4.88571428571429
"457",60,"Calories",0,3.86363636363636
"458",60,"Calories",1,4.71428571428571
"459",60,"GDP",0,2.05263157894737
"460",60,"GDP",1,3.61038961038961
"461",60,"memory",0,2.88888888888889
"462",60,"memory",1,5.43023255813953
"463",60,"vision",0,2.85714285714286
"464",60,"vision",1,3.83216783216783
"465",61,"Calories",0,5.92307692307692
"466",61,"Calories",1,6.5
"467",61,"GDP",0,6
"468",61,"GDP",1,6.15942028985507
"469",61,"memory",0,3.37878787878788
"470",61,"memory",1,5.61654135338346
"471",61,"vision",0,4.53448275862069
"472",61,"vision",1,5.70212765957447
"473",62,"Calories",0,5.22222222222222
"474",62,"Calories",1,6.22222222222222
"475",62,"GDP",0,3.875
"476",62,"GDP",1,4.06578947368421
"477",62,"memory",0,2.72307692307692
"478",62,"memory",1,4.95555555555556
"479",62,"vision",0,3.69642857142857
"480",62,"vision",1,4.55244755244755
"481",63,"Calories",0,3.88888888888889
"482",63,"Calories",1,4.375
"483",63,"GDP",0,2.80645161290323
"484",63,"GDP",1,4.33870967741935
"485",63,"memory",0,2.88888888888889
"486",63,"memory",1,4.84415584415584
"487",63,"vision",0,2.94642857142857
"488",63,"vision",1,3.6830985915493
"489",64,"Calories",0,4.16
"490",64,"Calories",1,4.77966101694915
"491",64,"GDP",0,2.65384615384615
"492",64,"GDP",1,3.77464788732394
"493",64,"memory",0,2.66101694915254
"494",64,"memory",1,4.09219858156028
"495",64,"vision",0,2.75925925925926
"496",64,"vision",1,3.26356589147287
"497",65,"Calories",0,3.7741935483871
"498",65,"Calories",1,4.57142857142857
"499",65,"GDP",0,1.7
"500",65,"GDP",1,2.16949152542373
"501",65,"memory",0,2.67647058823529
"502",65,"memory",1,4.60240963855422
"503",65,"vision",0,1.76785714285714
"504",65,"vision",1,2.11111111111111
"505",66,"Calories",0,4.86206896551724
"506",66,"Calories",1,5.34246575342466
"507",66,"GDP",0,4.65625
"508",66,"GDP",1,5.33846153846154
"509",66,"memory",0,2.93333333333333
"510",66,"memory",1,4.96470588235294
"511",66,"vision",0,3.59649122807018
"512",66,"vision",1,4.88732394366197
"513",67,"Calories",0,4.93333333333333
"514",67,"Calories",1,5.5
"515",67,"GDP",0,3.61290322580645
"516",67,"GDP",1,4.31884057971014
"517",67,"memory",0,4.3030303030303
"518",67,"memory",1,5.18181818181818
"519",67,"vision",0,4.38461538461539
"520",67,"vision",1,5.70945945945946
"521",68,"Calories",0,2.62068965517241
"522",68,"Calories",1,3.21333333333333
"523",68,"GDP",0,1.75
"524",68,"GDP",1,2.421875
"525",68,"memory",0,1.16129032258065
"526",68,"memory",1,3.10059171597633
"527",68,"vision",0,1.41071428571429
"528",68,"vision",1,2.09027777777778
"529",69,"Calories",0,6
"530",69,"Calories",1,5.94594594594595
"531",69,"GDP",0,4.92857142857143
"532",69,"GDP",1,5.26086956521739
"533",69,"memory",0,4.54761904761905
"534",69,"memory",1,6.0828025477707
"535",69,"vision",0,4.97872340425532
"536",69,"vision",1,6.22222222222222
"537",70,"Calories",0,3.47058823529412
"538",70,"Calories",1,4.31944444444444
"539",70,"GDP",0,2.96428571428571
"540",70,"GDP",1,4.62121212121212
"541",70,"memory",0,3
"542",70,"memory",1,4.96385542168675
"543",70,"vision",0,3.47457627118644
"544",70,"vision",1,4.27659574468085
"545",71,"Calories",0,4.03030303030303
"546",71,"Calories",1,4.84722222222222
"547",71,"GDP",0,1.93333333333333
"548",71,"GDP",1,2.47619047619048
"549",71,"memory",0,2.76190476190476
"550",71,"memory",1,4.4873417721519
"551",71,"vision",0,3.08928571428571
"552",71,"vision",1,4.18055555555556
"553",72,"Calories",0,4.2
"554",72,"Calories",1,4
"555",72,"GDP",0,3.56666666666667
"556",72,"GDP",1,3.92
"557",72,"memory",0,1.91304347826087
"558",72,"memory",1,4.4180790960452
"559",72,"vision",0,2.94827586206897
"560",72,"vision",1,3.41843971631206
"561",73,"Calories",0,4.45161290322581
"562",73,"Calories",1,5.17741935483871
"563",73,"GDP",0,3
"564",73,"GDP",1,3.73239436619718
"565",73,"memory",0,3.51020408163265
"566",73,"memory",1,4.58108108108108
"567",73,"vision",0,3.21428571428571
"568",73,"vision",1,4.27972027972028
"569",74,"Calories",0,3.82142857142857
"570",74,"Calories",1,4.60493827160494
"571",74,"GDP",0,1.96296296296296
"572",74,"GDP",1,3.38095238095238
"573",74,"memory",0,1.74509803921569
"574",74,"memory",1,3.77852348993289
"575",74,"vision",0,2.03125
"576",74,"vision",1,2.88148148148148
"577",75,"Calories",0,5.53333333333333
"578",75,"Calories",1,5.39393939393939
"579",75,"GDP",0,3.15151515151515
"580",75,"GDP",1,4.8169014084507
"581",75,"memory",0,1.92857142857143
"582",75,"memory",1,4.01273885350319
"583",75,"vision",0,2
"584",75,"vision",1,3.34931506849315
"585",76,"Calories",0,4.44827586206897
"586",76,"Calories",1,5.39189189189189
"587",76,"GDP",0,2.43333333333333
"588",76,"GDP",1,3.95522388059702
"589",76,"memory",0,2.36111111111111
"590",76,"memory",1,4.02453987730061
"591",76,"vision",0,2.96610169491525
"592",76,"vision",1,3.82269503546099
"593",77,"Calories",0,5.44
"594",77,"Calories",1,5.68181818181818
"595",77,"GDP",0,4.45238095238095
"596",77,"GDP",1,4.95522388059702
"597",77,"memory",0,4.13846153846154
"598",77,"memory",1,5.41791044776119
"599",77,"vision",0,4.1551724137931
"600",77,"vision",1,4.74647887323944
"601",78,"Calories",0,5.5
"602",78,"Calories",1,6.33783783783784
"603",78,"GDP",0,4.53571428571429
"604",78,"GDP",1,5.6969696969697
"605",78,"memory",0,4.03703703703704
"606",78,"memory",1,5.98265895953757
"607",78,"vision",0,5.28846153846154
"608",78,"vision",1,5.74149659863946
"609",79,"Calories",0,4.87096774193548
"610",79,"Calories",1,5.36111111111111
"611",79,"GDP",0,3.89189189189189
"612",79,"GDP",1,4.64406779661017
"613",79,"memory",0,4.20779220779221
"614",79,"memory",1,4.89256198347107
"615",79,"vision",0,4.16666666666667
"616",79,"vision",1,4.82781456953642
"617",80,"Calories",0,4.40740740740741
"618",80,"Calories",1,5.65432098765432
"619",80,"GDP",0,2.93548387096774
"620",80,"GDP",1,5.06896551724138
"621",80,"memory",0,1.92307692307692
"622",80,"memory",1,5.08695652173913
"623",80,"vision",0,3.18965517241379
"624",80,"vision",1,4.48936170212766
"625",81,"Calories",0,4.19230769230769
"626",81,"Calories",1,5.68333333333333
"627",81,"GDP",0,5
"628",81,"GDP",1,5.55696202531646
"629",81,"memory",0,2.93617021276596
"630",81,"memory",1,4.46979865771812
"631",81,"vision",0,4.88461538461539
"632",81,"vision",1,5.3972602739726
"633",82,"Calories",0,5.38461538461539
"634",82,"Calories",1,6.07692307692308
"635",82,"GDP",0,3.64705882352941
"636",82,"GDP",1,5.71621621621622
"637",82,"memory",0,3.41025641025641
"638",82,"memory",1,5.77639751552795
"639",82,"vision",0,4
"640",82,"vision",1,5.34507042253521
"641",83,"Calories",0,4.6
"642",83,"Calories",1,5.54545454545455
"643",83,"GDP",0,3.76666666666667
"644",83,"GDP",1,5.66666666666667
"645",83,"memory",0,3.89655172413793
"646",83,"memory",1,5.90532544378698
"647",83,"vision",0,2.69090909090909
"648",83,"vision",1,3.48275862068966
"649",84,"Calories",0,4.60714285714286
"650",84,"Calories",1,4.54411764705882
"651",84,"GDP",0,3.1875
"652",84,"GDP",1,5.19444444444444
"653",84,"memory",0,3.18518518518519
"654",84,"memory",1,4.54109589041096
"655",84,"vision",0,3.98214285714286
"656",84,"vision",1,4.42361111111111
"657",85,"Calories",0,3.8
"658",85,"Calories",1,4.89393939393939
"659",85,"GDP",0,3.36363636363636
"660",85,"GDP",1,4.01351351351351
"661",85,"memory",0,2.40540540540541
"662",85,"memory",1,4.5
"663",85,"vision",0,3
"664",85,"vision",1,3.83802816901408
"665",86,"Calories",0,6.37931034482759
"666",86,"Calories",1,6.25675675675676
"667",86,"GDP",0,5.6551724137931
"668",86,"GDP",1,6.16176470588235
"669",86,"memory",0,4.40740740740741
"670",86,"memory",1,6.13294797687861
"671",86,"vision",0,4.37704918032787
"672",86,"vision",1,5.3768115942029
"673",87,"Calories",0,4.56
"674",87,"Calories",1,4.96103896103896
"675",87,"GDP",0,3.20689655172414
"676",87,"GDP",1,4.35820895522388
"677",87,"memory",0,1.92682926829268
"678",87,"memory",1,4.50943396226415
"679",87,"vision",0,2.12
"680",87,"vision",1,2.62
"681",88,"Calories",0,4.58064516129032
"682",88,"Calories",1,4.77333333333333
"683",88,"GDP",0,4.88888888888889
"684",88,"GDP",1,5.56716417910448
"685",88,"memory",0,2.20879120879121
"686",88,"memory",1,3.65740740740741
"687",88,"vision",0,2.9
"688",88,"vision",1,3.74285714285714
"689",89,"Calories",0,4.51515151515152
"690",89,"Calories",1,5.20289855072464
"691",89,"GDP",0,3.66666666666667
"692",89,"GDP",1,4.43076923076923
"693",89,"memory",0,4.1078431372549
"694",89,"memory",1,4.19587628865979
"695",89,"vision",0,3.95161290322581
"696",89,"vision",1,4.64492753623188
"697",90,"Calories",0,3.65384615384615
"698",90,"Calories",1,4.36486486486486
"699",90,"GDP",0,4.82142857142857
"700",90,"GDP",1,5.72222222222222
"701",90,"memory",0,2.87719298245614
"702",90,"memory",1,4.19718309859155
"703",90,"vision",0,3.83333333333333
"704",90,"vision",1,4.78571428571429
"705",91,"Calories",0,4.07692307692308
"706",91,"Calories",1,5.125
"707",91,"GDP",0,1.85294117647059
"708",91,"GDP",1,3.06578947368421
"709",91,"memory",0,1.87096774193548
"710",91,"memory",1,4.49112426035503
"711",91,"vision",0,3.35087719298246
"712",91,"vision",1,4.41258741258741
"713",92,"Calories",0,5.14285714285714
"714",92,"Calories",1,5.51388888888889
"715",92,"GDP",0,2.74074074074074
"716",92,"GDP",1,4.59154929577465
"717",92,"memory",0,1.57894736842105
"718",92,"memory",1,6.19662921348315
"719",92,"vision",0,3.75925925925926
"720",92,"vision",1,4.47945205479452
"721",93,"Calories",0,3.86666666666667
"722",93,"Calories",1,5.2972972972973
"723",93,"GDP",0,5.46428571428571
"724",93,"GDP",1,5.29850746268657
"725",93,"memory",0,2
"726",93,"memory",1,3.95035460992908
"727",93,"vision",0,1.90322580645161
"728",93,"vision",1,2.97777777777778
"729",94,"Calories",0,5.27586206896552
"730",94,"Calories",1,6.15384615384615
"731",94,"GDP",0,1.8
"732",94,"GDP",1,4.26229508196721
"733",94,"memory",0,1.72727272727273
"734",94,"memory",1,5.21022727272727
"735",94,"vision",0,1.16363636363636
"736",94,"vision",1,2.93793103448276
"737",95,"Calories",0,4.96551724137931
"738",95,"Calories",1,5.21621621621622
"739",95,"GDP",0,2.62857142857143
"740",95,"GDP",1,4.06451612903226
"741",95,"memory",0,2.74509803921569
"742",95,"memory",1,4.44295302013423
"743",95,"vision",0,2.85714285714286
"744",95,"vision",1,4.375
"745",96,"Calories",0,3.71428571428571
"746",96,"Calories",1,3.56716417910448
"747",96,"GDP",0,3.43333333333333
"748",96,"GDP",1,5.17333333333333
"749",96,"memory",0,2.38461538461538
"750",96,"memory",1,4.3416149068323
"751",96,"vision",0,2.81034482758621
"752",96,"vision",1,4.12676056338028
"753",97,"Calories",0,2.76666666666667
"754",97,"Calories",1,3.55072463768116
"755",97,"GDP",0,1.625
"756",97,"GDP",1,4.01492537313433
"757",97,"memory",0,2.23076923076923
"758",97,"memory",1,5.17919075144509
"759",97,"vision",0,2.33333333333333
"760",97,"vision",1,3.17482517482518
"761",98,"Calories",0,5.40740740740741
"762",98,"Calories",1,5.98507462686567
"763",98,"GDP",0,2.67857142857143
"764",98,"GDP",1,5.12
"765",98,"memory",0,1.80701754385965
"766",98,"memory",1,4
"767",98,"vision",0,2.60655737704918
"768",98,"vision",1,3.71223021582734
"769",99,"Calories",0,4.7741935483871
"770",99,"Calories",1,5.55
"771",99,"GDP",0,2.58620689655172
"772",99,"GDP",1,4.45
"773",99,"memory",0,3.15
"774",99,"memory",1,4.52857142857143
"775",99,"vision",0,3.26415094339623
"776",99,"vision",1,3.81632653061224
"777",100,"Calories",0,5.03448275862069
"778",100,"Calories",1,5.01492537313433
"779",100,"GDP",0,3.78378378378378
"780",100,"GDP",1,5.31818181818182
"781",100,"memory",0,4.10344827586207
"782",100,"memory",1,6.73684210526316
"783",100,"vision",0,4.8135593220339
"784",100,"vision",1,6.01428571428571
"785",101,"Calories",0,3.71875
"786",101,"Calories",1,4.55263157894737
"787",101,"GDP",0,1.88461538461538
"788",101,"GDP",1,3.86153846153846
"789",101,"memory",0,1.6551724137931
"790",101,"memory",1,4.08450704225352
"791",101,"vision",0,3
"792",101,"vision",1,3.72463768115942
"793",102,"Calories",0,4.08
"794",102,"Calories",1,5.48
"795",102,"GDP",0,1.31034482758621
"796",102,"GDP",1,2.55555555555556
"797",102,"memory",0,3.06976744186047
"798",102,"memory",1,5.30322580645161
"799",102,"vision",0,3.16363636363636
"800",102,"vision",1,3.97222222222222
"801",104,"Calories",0,4.69230769230769
"802",104,"Calories",1,5.92537313432836
"803",104,"GDP",0,2.88461538461538
"804",104,"GDP",1,4.4375
"805",104,"memory",0,3.68181818181818
"806",104,"memory",1,5.41558441558442
"807",104,"vision",0,3.94
"808",104,"vision",1,4.45890410958904
"809",105,"Calories",0,5.14814814814815
"810",105,"Calories",1,6.01612903225806
"811",105,"GDP",0,3.39285714285714
"812",105,"GDP",1,4.39473684210526
"813",105,"memory",0,2.42857142857143
"814",105,"memory",1,5.18709677419355
"815",105,"vision",0,3.12280701754386
"816",105,"vision",1,4.13380281690141
"817",106,"Calories",0,3.27586206896552
"818",106,"Calories",1,3.6
"819",106,"GDP",0,3.96666666666667
"820",106,"GDP",1,4.54929577464789
"821",106,"memory",0,2.61702127659574
"822",106,"memory",1,4.36184210526316
"823",106,"vision",0,2.66037735849057
"824",106,"vision",1,4.27210884353742
"825",107,"Calories",0,3.66666666666667
"826",107,"Calories",1,3.78082191780822
"827",107,"GDP",0,2.4375
"828",107,"GDP",1,3.44615384615385
"829",107,"memory",0,2.68852459016393
"830",107,"memory",1,3.6304347826087
"831",107,"vision",0,3.51785714285714
"832",107,"vision",1,4.46527777777778
"833",109,"Calories",0,4.2
"834",109,"Calories",1,5.30882352941176
"835",109,"GDP",0,1.86206896551724
"836",109,"GDP",1,4.08450704225352
"837",109,"memory",0,3.8
"838",109,"memory",1,6.24705882352941
"839",109,"vision",0,4.09677419354839
"840",109,"vision",1,5.30434782608696
"841",110,"Calories",0,3.51351351351351
"842",110,"Calories",1,3.92753623188406
"843",110,"GDP",0,2.8
"844",110,"GDP",1,4.90476190476191
"845",110,"memory",0,2.38775510204082
"846",110,"memory",1,4.57615894039735
"847",110,"vision",0,2.89285714285714
"848",110,"vision",1,3.98611111111111
"849",111,"Calories",0,5.38709677419355
"850",111,"Calories",1,6.32467532467532
"851",111,"GDP",0,2.03846153846154
"852",111,"GDP",1,3.78125
"853",111,"memory",0,3.23404255319149
"854",111,"memory",1,5.30718954248366
"855",111,"vision",0,4.06779661016949
"856",111,"vision",1,4.93617021276596
"857",112,"Calories",0,6.33333333333333
"858",112,"Calories",1,6.58108108108108
"859",112,"GDP",0,4.33333333333333
"860",112,"GDP",1,5.58064516129032
"861",112,"memory",0,4.96153846153846
"862",112,"memory",1,6.16091954022988
"863",112,"vision",0,4.61290322580645
"864",112,"vision",1,4.96376811594203
"865",113,"Calories",0,3.73333333333333
"866",113,"Calories",1,4.94520547945205
"867",113,"GDP",0,1.96666666666667
"868",113,"GDP",1,4.45454545454545
"869",113,"memory",0,1.8
"870",113,"memory",1,4.2987012987013
"871",113,"vision",0,2.5
"872",113,"vision",1,4.35416666666667
"873",114,"Calories",0,5.25
"874",114,"Calories",1,6.01351351351351
"875",114,"GDP",0,3
"876",114,"GDP",1,4.45454545454545
"877",114,"memory",0,1.27450980392157
"878",114,"memory",1,4.54054054054054
"879",114,"vision",0,3.34426229508197
"880",114,"vision",1,4.21739130434783
"881",115,"Calories",0,4.89655172413793
"882",115,"Calories",1,5.70422535211268
"883",115,"GDP",0,2
"884",115,"GDP",1,5.03076923076923
"885",115,"memory",0,1.66666666666667
"886",115,"memory",1,3.1
"887",115,"vision",0,3.18181818181818
"888",115,"vision",1,3.875
"889",116,"Calories",0,4.79411764705882
"890",116,"Calories",1,5.15068493150685
"891",116,"GDP",0,4.56
"892",116,"GDP",1,5.36363636363636
"893",116,"memory",0,1.95081967213115
"894",116,"memory",1,4.30935251798561
"895",116,"vision",0,4.23809523809524
"896",116,"vision",1,4.75182481751825
"897",117,"Calories",0,5.56521739130435
"898",117,"Calories",1,6.23880597014925
"899",117,"GDP",0,3.19444444444444
"900",117,"GDP",1,4.82191780821918
"901",117,"memory",0,2.58536585365854
"902",117,"memory",1,5.45283018867925
"903",117,"vision",0,4.82456140350877
"904",117,"vision",1,6.08450704225352
"905",118,"Calories",0,5.16129032258065
"906",118,"Calories",1,5.04285714285714
"907",118,"GDP",0,2
"908",118,"GDP",1,3.5
"909",118,"memory",0,1.88888888888889
"910",118,"memory",1,5.06470588235294
"911",118,"vision",0,2.17741935483871
"912",118,"vision",1,3.54347826086957
"913",119,"Calories",0,4.03225806451613
"914",119,"Calories",1,4.69444444444444
"915",119,"GDP",0,4
"916",119,"GDP",1,5.3134328358209
"917",119,"memory",0,2.65909090909091
"918",119,"memory",1,4.73076923076923
"919",119,"vision",0,2.7037037037037
"920",119,"vision",1,3.55479452054795
"921",120,"Calories",0,5.13793103448276
"922",120,"Calories",1,5.77142857142857
"923",120,"GDP",0,4.16
"924",120,"GDP",1,5.2
"925",120,"memory",0,2.46153846153846
"926",120,"memory",1,5.43478260869565
"927",120,"vision",0,3.34426229508197
"928",120,"vision",1,4.2589928057554
"929",121,"Calories",0,4.57142857142857
"930",121,"Calories",1,5.08108108108108
"931",121,"GDP",0,4.41379310344828
"932",121,"GDP",1,5.23188405797101
"933",121,"memory",0,3.0327868852459
"934",121,"memory",1,5.18248175182482
"935",121,"vision",0,3.40740740740741
"936",121,"vision",1,4.93835616438356
"937",122,"Calories",0,6.17857142857143
"938",122,"Calories",1,6.55263157894737
"939",122,"GDP",0,4.8
"940",122,"GDP",1,5.78571428571429
"941",122,"memory",0,4.37837837837838
"942",122,"memory",1,6.03726708074534
"943",122,"vision",0,3.93220338983051
"944",122,"vision",1,4.77304964539007
"945",123,"Calories",0,5.07692307692308
"946",123,"Calories",1,5.47297297297297
"947",123,"GDP",0,3.17241379310345
"948",123,"GDP",1,4.78571428571429
"949",123,"memory",0,3.74683544303797
"950",123,"memory",1,4.21487603305785
"951",123,"vision",0,3.69090909090909
"952",123,"vision",1,4.4
"953",124,"Calories",0,4.46666666666667
"954",124,"Calories",1,5.67605633802817
"955",124,"GDP",0,2.4
"956",124,"GDP",1,4.18055555555556
"957",124,"memory",0,2.16666666666667
"958",124,"memory",1,4.2
"959",124,"vision",0,2.36363636363636
"960",124,"vision",1,3.75862068965517
"961",125,"Calories",0,4.54545454545455
"962",125,"Calories",1,6.15942028985507
"963",125,"GDP",0,4.22857142857143
"964",125,"GDP",1,5.3013698630137
"965",125,"memory",0,1.69444444444444
"966",125,"memory",1,4.54878048780488
"967",125,"vision",0,3.12727272727273
"968",125,"vision",1,4.88965517241379
"969",126,"Calories",0,3.7027027027027
"970",126,"Calories",1,4.56944444444444
"971",126,"GDP",0,3.4
"972",126,"GDP",1,3.92424242424242
"973",126,"memory",0,2
"974",126,"memory",1,3.99367088607595
"975",126,"vision",0,2.57627118644068
"976",126,"vision",1,2.95035460992908
"977",127,"Calories",0,4.10714285714286
"978",127,"Calories",1,5.56
"979",127,"GDP",0,3.62962962962963
"980",127,"GDP",1,5.36231884057971
"981",127,"memory",0,2.53333333333333
"982",127,"memory",1,4.17985611510791
"983",127,"vision",0,3.47368421052632
"984",127,"vision",1,4.22535211267606
"985",128,"Calories",0,5.34615384615385
"986",128,"Calories",1,5.8955223880597
"987",128,"GDP",0,4.30555555555556
"988",128,"GDP",1,5.16901408450704
"989",128,"memory",0,3.5
"990",128,"memory",1,5.73006134969325
"991",128,"vision",0,4.69090909090909
"992",128,"vision",1,5.66206896551724
"993",129,"Calories",0,3.41666666666667
"994",129,"Calories",1,5.125
"995",129,"GDP",0,2.81818181818182
"996",129,"GDP",1,4.45070422535211
"997",129,"memory",0,2.22857142857143
"998",129,"memory",1,4.4969696969697
"999",129,"vision",0,3.35483870967742
"1000",129,"vision",1,4.40875912408759
"1001",130,"Calories",0,4.51612903225806
"1002",130,"Calories",1,5.31944444444444
"1003",130,"GDP",0,3.48148148148148
"1004",130,"GDP",1,4.58571428571429
"1005",130,"memory",0,2.14285714285714
"1006",130,"memory",1,5.26966292134831
"1007",130,"vision",0,3.6140350877193
"1008",130,"vision",1,4.11188811188811
"1009",131,"Calories",0,5.37037037037037
"1010",131,"Calories",1,5.83333333333333
"1011",131,"GDP",0,3.73529411764706
"1012",131,"GDP",1,4.92063492063492
"1013",131,"memory",0,NA
"1014",131,"memory",1,NA
"1015",131,"vision",0,4.94444444444444
"1016",131,"vision",1,5.34057971014493
"1017",132,"Calories",0,4.1875
"1018",132,"Calories",1,5.36842105263158
"1019",132,"GDP",0,4.08333333333333
"1020",132,"GDP",1,5.08333333333333
"1021",132,"memory",0,3.76923076923077
"1022",132,"memory",1,5.32369942196532
"1023",132,"vision",0,3.65573770491803
"1024",132,"vision",1,4.63503649635036
"1025",133,"Calories",0,3.96153846153846
"1026",133,"Calories",1,5.01492537313433
"1027",133,"GDP",0,3.7
"1028",133,"GDP",1,4.53246753246753
"1029",133,"memory",0,3.09090909090909
"1030",133,"memory",1,4.79850746268657
"1031",133,"vision",0,4.25423728813559
"1032",133,"vision",1,4.95
"1033",134,"Calories",0,3.47826086956522
"1034",134,"Calories",1,4.44444444444444
"1035",134,"GDP",0,2.89285714285714
"1036",134,"GDP",1,5.12162162162162
"1037",134,"memory",0,2.17073170731707
"1038",134,"memory",1,4.69811320754717
"1039",134,"vision",0,3.28333333333333
"1040",134,"vision",1,3.56428571428571
"1041",135,"Calories",0,4.96666666666667
"1042",135,"Calories",1,5.61538461538461
"1043",135,"GDP",0,2.67741935483871
"1044",135,"GDP",1,4.45901639344262
"1045",135,"memory",0,4.08823529411765
"1046",135,"memory",1,5.31927710843374
"1047",135,"vision",0,3.92727272727273
"1048",135,"vision",1,5.00694444444444
"1049",136,"Calories",0,4.96666666666667
"1050",136,"Calories",1,6.09210526315789
"1051",136,"GDP",0,4.11538461538461
"1052",136,"GDP",1,5.30769230769231
"1053",136,"memory",0,1.35135135135135
"1054",136,"memory",1,4.90184049079755
"1055",136,"vision",0,2.75471698113208
"1056",136,"vision",1,3.3469387755102
"1057",137,"Calories",0,4.125
"1058",137,"Calories",1,4.92647058823529
"1059",137,"GDP",0,1.82758620689655
"1060",137,"GDP",1,2.75641025641026
"1061",137,"memory",0,1.79591836734694
"1062",137,"memory",1,3.3112582781457
"1063",137,"vision",0,2.03703703703704
"1064",137,"vision",1,3.39041095890411
"1065",138,"Calories",0,5.06451612903226
"1066",138,"Calories",1,5.3
"1067",138,"GDP",0,4.61111111111111
"1068",138,"GDP",1,5.65079365079365
"1069",138,"memory",0,3.17241379310345
"1070",138,"memory",1,4.55714285714286
"1071",138,"vision",0,4.54385964912281
"1072",138,"vision",1,5.08391608391608
"1073",139,"Calories",0,4.86206896551724
"1074",139,"Calories",1,5.18918918918919
"1075",139,"GDP",0,1.93333333333333
"1076",139,"GDP",1,4.87878787878788
"1077",139,"memory",0,2.13636363636364
"1078",139,"memory",1,4.67307692307692
"1079",139,"vision",0,3.17543859649123
"1080",139,"vision",1,4.40559440559441
"1081",140,"Calories",0,5.7
"1082",140,"Calories",1,6.25
"1083",140,"GDP",0,4.88888888888889
"1084",140,"GDP",1,5.8955223880597
"1085",140,"memory",0,3.88571428571429
"1086",140,"memory",1,5.62424242424242
"1087",140,"vision",0,5.17857142857143
"1088",140,"vision",1,5.72916666666667
"1089",141,"Calories",0,4.55172413793103
"1090",141,"Calories",1,5.109375
"1091",141,"GDP",0,2.7741935483871
"1092",141,"GDP",1,4.76712328767123
"1093",141,"memory",0,3.74626865671642
"1094",141,"memory",1,5.08270676691729
"1095",141,"vision",0,4.38983050847458
"1096",141,"vision",1,5.06428571428571
"1097",142,"Calories",0,4.51724137931035
"1098",142,"Calories",1,5.31746031746032
"1099",142,"GDP",0,3.78125
"1100",142,"GDP",1,4.85526315789474
"1101",142,"memory",0,3.85074626865672
"1102",142,"memory",1,5.14285714285714
"1103",142,"vision",0,3.01818181818182
"1104",142,"vision",1,4.9448275862069
"1105",143,"Calories",0,4.92857142857143
"1106",143,"Calories",1,5.21917808219178
"1107",143,"GDP",0,3.23333333333333
"1108",143,"GDP",1,4.93846153846154
"1109",143,"memory",0,2.075
"1110",143,"memory",1,4.70625
"1111",143,"vision",0,3.67857142857143
"1112",143,"vision",1,4.35664335664336
"1113",144,"Calories",0,4.87096774193548
"1114",144,"Calories",1,5.75
"1115",144,"GDP",0,3.56666666666667
"1116",144,"GDP",1,4.75757575757576
"1117",144,"memory",0,1.9
"1118",144,"memory",1,4.05732484076433
"1119",144,"vision",0,3.18032786885246
"1120",144,"vision",1,4.44927536231884
"1121",145,"Calories",0,4.48387096774194
"1122",145,"Calories",1,4.86301369863014
"1123",145,"GDP",0,3
"1124",145,"GDP",1,4.20289855072464
"1125",145,"memory",0,3.25
"1126",145,"memory",1,4.65625
"1127",145,"vision",0,3.85714285714286
"1128",145,"vision",1,4.60416666666667
"1129",146,"Calories",0,5.27586206896552
"1130",146,"Calories",1,5.90789473684211
"1131",146,"GDP",0,3.71428571428571
"1132",146,"GDP",1,5.65625
"1133",146,"memory",0,4.29824561403509
"1134",146,"memory",1,5.52816901408451
"1135",146,"vision",0,4.3859649122807
"1136",146,"vision",1,5.36363636363636
"1137",147,"Calories",0,4.68965517241379
"1138",147,"Calories",1,5.921875
"1139",147,"GDP",0,2.93333333333333
"1140",147,"GDP",1,4.35616438356164
"1141",147,"memory",0,2.56363636363636
"1142",147,"memory",1,5.03448275862069
"1143",147,"vision",0,4.31578947368421
"1144",147,"vision",1,4.95774647887324
"1145",148,"Calories",0,4.39130434782609
"1146",148,"Calories",1,5.48387096774194
"1147",148,"GDP",0,3.5
"1148",148,"GDP",1,5.48717948717949
"1149",148,"memory",0,1.975
"1150",148,"memory",1,4.325
"1151",148,"vision",0,2
"1152",148,"vision",1,2.88571428571429
"1153",149,"Calories",0,5.03703703703704
"1154",149,"Calories",1,5.91803278688525
"1155",149,"GDP",0,3.03030303030303
"1156",149,"GDP",1,4.37662337662338
"1157",149,"memory",0,2.53571428571429
"1158",149,"memory",1,5.38953488372093
"1159",149,"vision",0,4.17460317460317
"1160",149,"vision",1,4.64963503649635
"1161",150,"Calories",0,4.6551724137931
"1162",150,"Calories",1,5.80952380952381
"1163",150,"GDP",0,3.63888888888889
"1164",150,"GDP",1,5.32394366197183
"1165",150,"memory",0,2.34090909090909
"1166",150,"memory",1,4.68627450980392
"1167",150,"vision",0,1.88679245283019
"1168",150,"vision",1,2.07534246575342
"1169",151,"Calories",0,5.2962962962963
"1170",151,"Calories",1,6.3768115942029
"1171",151,"GDP",0,4.84848484848485
"1172",151,"GDP",1,5.76056338028169
"1173",151,"memory",0,2.825
"1174",151,"memory",1,5.5
"1175",151,"vision",0,3.86666666666667
"1176",151,"vision",1,4.06428571428571
"1177",152,"Calories",0,4.66666666666667
"1178",152,"Calories",1,5.34666666666667
"1179",152,"GDP",0,3.5
"1180",152,"GDP",1,4.72307692307692
"1181",152,"memory",0,3.87234042553191
"1182",152,"memory",1,5.56953642384106
"1183",152,"vision",0,3.16666666666667
"1184",152,"vision",1,3.91724137931034
"1185",153,"Calories",0,6
"1186",153,"Calories",1,5.90140845070423
"1187",153,"GDP",0,2.89655172413793
"1188",153,"GDP",1,5.1830985915493
"1189",153,"memory",0,3.8
"1190",153,"memory",1,6.28
"1191",153,"vision",0,3.91379310344828
"1192",153,"vision",1,5.09154929577465
"1193",154,"Calories",0,4.625
"1194",154,"Calories",1,5.40350877192982
"1195",154,"GDP",0,4.06666666666667
"1196",154,"GDP",1,4.82278481012658
"1197",154,"memory",0,2.85714285714286
"1198",154,"memory",1,5.22424242424242
"1199",154,"vision",0,3.32203389830508
"1200",154,"vision",1,4.64539007092199
"1201",155,"Calories",0,4.09375
"1202",155,"Calories",1,5.78333333333333
"1203",155,"GDP",0,3.82758620689655
"1204",155,"GDP",1,4.86075949367089
"1205",155,"memory",0,3.21739130434783
"1206",155,"memory",1,6.16949152542373
"1207",155,"vision",0,3.76271186440678
"1208",155,"vision",1,5.27659574468085
"1209",156,"Calories",0,4.25
"1210",156,"Calories",1,5.01470588235294
"1211",156,"GDP",0,4.09090909090909
"1212",156,"GDP",1,4.22058823529412
"1213",156,"memory",0,3.26530612244898
"1214",156,"memory",1,4.81456953642384
"1215",156,"vision",0,3.96666666666667
"1216",156,"vision",1,4.43571428571429
"1217",157,"Calories",0,3.75
"1218",157,"Calories",1,4.82352941176471
"1219",157,"GDP",0,3.29032258064516
"1220",157,"GDP",1,5.35714285714286
"1221",157,"memory",0,2.4390243902439
"1222",157,"memory",1,4.67721518987342
"1223",157,"vision",0,2.89473684210526
"1224",157,"vision",1,3.82394366197183
"1225",158,"Calories",0,4.74074074074074
"1226",158,"Calories",1,5.80769230769231
"1227",158,"GDP",0,2.48275862068966
"1228",158,"GDP",1,4.27692307692308
"1229",158,"memory",0,2.53191489361702
"1230",158,"memory",1,4.54248366013072
"1231",158,"vision",0,3.22641509433962
"1232",158,"vision",1,4.39455782312925
"1233",159,"Calories",0,4.07407407407407
"1234",159,"Calories",1,4.92857142857143
"1235",159,"GDP",0,2.16129032258065
"1236",159,"GDP",1,3.98591549295775
"1237",159,"memory",0,1.47368421052632
"1238",159,"memory",1,5.01666666666667
"1239",159,"vision",0,2.83333333333333
"1240",159,"vision",1,3.47857142857143
"1241",160,"Calories",0,6.81481481481481
"1242",160,"Calories",1,6.85074626865672
"1243",160,"GDP",0,6.03225806451613
"1244",160,"GDP",1,6.65333333333333
"1245",160,"memory",0,4.65454545454545
"1246",160,"memory",1,6.32413793103448
"1247",160,"vision",0,5.78571428571429
"1248",160,"vision",1,5.52083333333333
"1249",161,"Calories",0,4.22857142857143
"1250",161,"Calories",1,4.42253521126761
"1251",161,"GDP",0,3.70967741935484
"1252",161,"GDP",1,4.6031746031746
"1253",161,"memory",0,2.8
"1254",161,"memory",1,4.10714285714286
"1255",161,"vision",0,3.91228070175439
"1256",161,"vision",1,4.16783216783217
"1257",162,"Calories",0,3.62068965517241
"1258",162,"Calories",1,5.24657534246575
"1259",162,"GDP",0,2
"1260",162,"GDP",1,3.92307692307692
"1261",162,"memory",0,2.725
"1262",162,"memory",1,4.59235668789809
"1263",162,"vision",0,2.76271186440678
"1264",162,"vision",1,3.36879432624113
"1265",163,"Calories",0,4.46666666666667
"1266",163,"Calories",1,5.44155844155844
"1267",163,"GDP",0,1.64516129032258
"1268",163,"GDP",1,2.85483870967742
"1269",163,"memory",0,2.47272727272727
"1270",163,"memory",1,3.80689655172414
"1271",163,"vision",0,3.63265306122449
"1272",163,"vision",1,4.14189189189189
"1273",164,"Calories",0,5.93103448275862
"1274",164,"Calories",1,6.01449275362319
"1275",164,"GDP",0,3.90322580645161
"1276",164,"GDP",1,5.14084507042254
"1277",164,"memory",0,2.73076923076923
"1278",164,"memory",1,4.40540540540541
"1279",164,"vision",0,2.86206896551724
"1280",164,"vision",1,2.96478873239437
"1281",165,"Calories",0,5.21212121212121
"1282",165,"Calories",1,5.77142857142857
"1283",165,"GDP",0,2.96551724137931
"1284",165,"GDP",1,4.09230769230769
"1285",165,"memory",0,3.83333333333333
"1286",165,"memory",1,5.92356687898089
"1287",165,"vision",0,5.66037735849057
"1288",165,"vision",1,6.53061224489796
"1289",166,"Calories",0,5.30769230769231
"1290",166,"Calories",1,5.94202898550725
"1291",166,"GDP",0,5.46428571428571
"1292",166,"GDP",1,6.09333333333333
"1293",166,"memory",0,3.41860465116279
"1294",166,"memory",1,5.10967741935484
"1295",166,"vision",0,4.36065573770492
"1296",166,"vision",1,4.66906474820144
"1297",168,"Calories",0,4.67741935483871
"1298",168,"Calories",1,5.37878787878788
"1299",168,"GDP",0,4.60869565217391
"1300",168,"GDP",1,5.36708860759494
"1301",168,"memory",0,2.6530612244898
"1302",168,"memory",1,4.52112676056338
"1303",168,"vision",0,4.3728813559322
"1304",168,"vision",1,5.23571428571429
"1305",169,"Calories",0,4.58620689655172
"1306",169,"Calories",1,5.92647058823529
"1307",169,"GDP",0,2.67857142857143
"1308",169,"GDP",1,4.36
"1309",169,"memory",0,1.6875
"1310",169,"memory",1,3.67549668874172
"1311",169,"vision",0,3.33898305084746
"1312",169,"vision",1,3.86330935251799
"1313",170,"Calories",0,5.68
"1314",170,"Calories",1,6.60869565217391
"1315",170,"GDP",0,3.28125
"1316",170,"GDP",1,4.40540540540541
"1317",170,"memory",0,4
"1318",170,"memory",1,5.22077922077922
"1319",170,"vision",0,3.21428571428571
"1320",170,"vision",1,4.09090909090909
"1321",171,"Calories",0,3.62962962962963
"1322",171,"Calories",1,4.67647058823529
"1323",171,"GDP",0,2.27027027027027
"1324",171,"GDP",1,3.95588235294118
"1325",171,"memory",0,1.45945945945946
"1326",171,"memory",1,2.952
"1327",171,"vision",0,4.55172413793103
"1328",171,"vision",1,4.71830985915493
"1329",172,"Calories",0,5.61764705882353
"1330",172,"Calories",1,6.12676056338028
"1331",172,"GDP",0,5.1875
"1332",172,"GDP",1,6.2258064516129
"1333",172,"memory",0,2.9622641509434
"1334",172,"memory",1,4.93197278911565
"1335",172,"vision",0,4.14285714285714
"1336",172,"vision",1,5.05298013245033
"1337",173,"Calories",0,4.63636363636364
"1338",173,"Calories",1,5.30434782608696
"1339",173,"GDP",0,2.84375
"1340",173,"GDP",1,5.015625
"1341",173,"memory",0,3.11764705882353
"1342",173,"memory",1,5.83132530120482
"1343",173,"vision",0,4.16666666666667
"1344",173,"vision",1,4.8125
"1345",174,"Calories",0,4.78571428571429
"1346",174,"Calories",1,5.15277777777778
"1347",174,"GDP",0,3.55555555555556
"1348",174,"GDP",1,4.63888888888889
"1349",174,"memory",0,3.75555555555556
"1350",174,"memory",1,4.96129032258064
"1351",174,"vision",0,3.41379310344828
"1352",174,"vision",1,4.85211267605634
"1353",175,"Calories",0,4.75862068965517
"1354",175,"Calories",1,4.79452054794521
"1355",175,"GDP",0,3.08
"1356",175,"GDP",1,4.78082191780822
"1357",175,"memory",0,1.66666666666667
"1358",175,"memory",1,4.91061452513966
"1359",175,"vision",0,3.06896551724138
"1360",175,"vision",1,3.41549295774648
"1361",176,"Calories",0,2.96774193548387
"1362",176,"Calories",1,3.47887323943662
"1363",176,"GDP",0,1.55172413793103
"1364",176,"GDP",1,3.55072463768116
"1365",176,"memory",0,1.27272727272727
"1366",176,"memory",1,4.47590361445783
"1367",176,"vision",0,2.09090909090909
"1368",176,"vision",1,2.88275862068966
"1369",177,"Calories",0,5.42307692307692
"1370",177,"Calories",1,6.12162162162162
"1371",177,"GDP",0,5.66666666666667
"1372",177,"GDP",1,6.0625
"1373",177,"memory",0,3
"1374",177,"memory",1,5.45222929936306
"1375",177,"vision",0,3.68421052631579
"1376",177,"vision",1,4.45454545454545
"1377",178,"Calories",0,5.96551724137931
"1378",178,"Calories",1,5.82191780821918
"1379",178,"GDP",0,4.25
"1380",178,"GDP",1,5.47142857142857
"1381",178,"memory",0,2.71186440677966
"1382",178,"memory",1,5.16312056737589
"1383",178,"vision",0,3.55172413793103
"1384",178,"vision",1,5.21830985915493
"1385",179,"Calories",0,6.5
"1386",179,"Calories",1,6.96875
"1387",179,"GDP",0,6.92307692307692
"1388",179,"GDP",1,6.92682926829268
"1389",179,"memory",0,5.84444444444444
"1390",179,"memory",1,6.4
"1391",179,"vision",0,5.7
"1392",179,"vision",1,6.31428571428571
"1393",180,"Calories",0,4.11111111111111
"1394",180,"Calories",1,5
"1395",180,"GDP",0,2.85185185185185
"1396",180,"GDP",1,4.26388888888889
"1397",180,"memory",0,2.80851063829787
"1398",180,"memory",1,5.38815789473684
"1399",180,"vision",0,3.66666666666667
"1400",180,"vision",1,4.9041095890411
"1401",181,"Calories",0,4.64516129032258
"1402",181,"Calories",1,5.52173913043478
"1403",181,"GDP",0,4.33333333333333
"1404",181,"GDP",1,5.37142857142857
"1405",181,"memory",0,4.18032786885246
"1406",181,"memory",1,5.45323741007194
"1407",181,"vision",0,4.3125
"1408",181,"vision",1,4.56578947368421
"1409",182,"Calories",0,6.26666666666667
"1410",182,"Calories",1,6.42028985507246
"1411",182,"GDP",0,4.85185185185185
"1412",182,"GDP",1,6.125
"1413",182,"memory",0,4.25423728813559
"1414",182,"memory",1,5.27007299270073
"1415",182,"vision",0,4.63461538461539
"1416",182,"vision",1,5.5
"1417",183,"Calories",0,4
"1418",183,"Calories",1,5.18918918918919
"1419",183,"GDP",0,4.19230769230769
"1420",183,"GDP",1,5.15492957746479
"1421",183,"memory",0,1.77777777777778
"1422",183,"memory",1,4.75609756097561
"1423",183,"vision",0,3.26785714285714
"1424",183,"vision",1,3.46808510638298
"1425",184,"Calories",0,5.44
"1426",184,"Calories",1,6.29577464788732
"1427",184,"GDP",0,3.46666666666667
"1428",184,"GDP",1,5.97297297297297
"1429",184,"memory",0,2.83720930232558
"1430",184,"memory",1,5.70063694267516
"1431",184,"vision",0,3.73333333333333
"1432",184,"vision",1,5.61151079136691
"1433",185,"Calories",0,5.85714285714286
"1434",185,"Calories",1,6.18421052631579
"1435",185,"GDP",0,2.82758620689655
"1436",185,"GDP",1,4.34328358208955
"1437",185,"memory",0,2.02272727272727
"1438",185,"memory",1,4.87820512820513
"1439",185,"vision",0,1.7962962962963
"1440",185,"vision",1,5.27397260273973
"1441",186,"Calories",0,4.17857142857143
"1442",186,"Calories",1,5.5
"1443",186,"GDP",0,2.46666666666667
"1444",186,"GDP",1,2.8125
"1445",186,"memory",0,1.82608695652174
"1446",186,"memory",1,5.09659090909091
"1447",186,"vision",0,2.98148148148148
"1448",186,"vision",1,3.29452054794521
"1449",187,"Calories",0,3.97142857142857
"1450",187,"Calories",1,4.76470588235294
"1451",187,"GDP",0,3.94285714285714
"1452",187,"GDP",1,5.33870967741935
"1453",187,"memory",0,3.421875
"1454",187,"memory",1,4.85185185185185
"1455",187,"vision",0,2.46428571428571
"1456",187,"vision",1,3.53900709219858
"1457",188,"Calories",0,5.09677419354839
"1458",188,"Calories",1,6.25
"1459",188,"GDP",0,4.56
"1460",188,"GDP",1,5.86111111111111
"1461",188,"memory",0,2.8375
"1462",188,"memory",1,4.5546218487395
"1463",188,"vision",0,3.69811320754717
"1464",188,"vision",1,5.19727891156463
"1465",189,"Calories",0,3.875
"1466",189,"Calories",1,4
"1467",189,"GDP",0,3.78787878787879
"1468",189,"GDP",1,5.01388888888889
"1469",189,"memory",0,1.59615384615385
"1470",189,"memory",1,3.78231292517007
"1471",189,"vision",0,2.75
"1472",189,"vision",1,3.71223021582734
"1473",190,"Calories",0,4.61538461538461
"1474",190,"Calories",1,5.66666666666667
"1475",190,"GDP",0,2.75757575757576
"1476",190,"GDP",1,4.1025641025641
"1477",190,"memory",0,2.08333333333333
"1478",190,"memory",1,3.84105960264901
"1479",190,"vision",0,2.77777777777778
"1480",190,"vision",1,3.93150684931507
"1481",191,"Calories",0,6.71875
"1482",191,"Calories",1,6.77142857142857
"1483",191,"GDP",0,6.22727272727273
"1484",191,"GDP",1,6.7887323943662
"1485",191,"memory",0,4.16129032258065
"1486",191,"memory",1,6.08928571428571
"1487",191,"vision",0,6.44642857142857
"1488",191,"vision",1,6.72916666666667
"1489",192,"Calories",0,5.06451612903226
"1490",192,"Calories",1,5.54545454545455
"1491",192,"GDP",0,1.88888888888889
"1492",192,"GDP",1,4.234375
"1493",192,"memory",0,2.68
"1494",192,"memory",1,4.93706293706294
"1495",192,"vision",0,2.7962962962963
"1496",192,"vision",1,4.21379310344828
"1497",193,"Calories",0,5.9375
"1498",193,"Calories",1,6.20253164556962
"1499",193,"GDP",0,3.8
"1500",193,"GDP",1,5.33333333333333
"1501",193,"memory",0,4.31746031746032
"1502",193,"memory",1,5.61764705882353
"1503",193,"vision",0,4.15384615384615
"1504",193,"vision",1,5.32432432432432
"1505",194,"Calories",0,4.73529411764706
"1506",194,"Calories",1,5.26086956521739
"1507",194,"GDP",0,3.84
"1508",194,"GDP",1,4.58823529411765
"1509",194,"memory",0,2.58536585365854
"1510",194,"memory",1,4.79487179487179
"1511",194,"vision",0,3.28
"1512",194,"vision",1,5.30872483221477
"1513",195,"Calories",0,3.76923076923077
"1514",195,"Calories",1,4.63888888888889
"1515",195,"GDP",0,3.03571428571429
"1516",195,"GDP",1,5.25714285714286
"1517",195,"memory",0,3.2987012987013
"1518",195,"memory",1,4.13114754098361
"1519",195,"vision",0,3.36363636363636
"1520",195,"vision",1,4.17931034482759
"1521",196,"Calories",0,5.5
"1522",196,"Calories",1,6.15873015873016
"1523",196,"GDP",0,4.51724137931035
"1524",196,"GDP",1,5.88311688311688
"1525",196,"memory",0,2.36923076923077
"1526",196,"memory",1,4.27407407407407
"1527",196,"vision",0,3.09090909090909
"1528",196,"vision",1,3.95138888888889
"1529",197,"Calories",0,5
"1530",197,"Calories",1,5.85526315789474
"1531",197,"GDP",0,4.125
"1532",197,"GDP",1,4.67213114754098
"1533",197,"memory",0,2.90566037735849
"1534",197,"memory",1,4.42465753424658
"1535",197,"vision",0,3.03571428571429
"1536",197,"vision",1,3.90277777777778
"1537",198,"Calories",0,4.41935483870968
"1538",198,"Calories",1,5.33783783783784
"1539",198,"GDP",0,3.08333333333333
"1540",198,"GDP",1,5.29577464788732
"1541",198,"memory",0,2.4
"1542",198,"memory",1,4.43636363636364
"1543",198,"vision",0,3.0188679245283
"1544",198,"vision",1,4.14285714285714
"1545",199,"Calories",0,6.11538461538461
"1546",199,"Calories",1,6.60294117647059
"1547",199,"GDP",0,5.53846153846154
"1548",199,"GDP",1,5.9625
"1549",199,"memory",0,4.57627118644068
"1550",199,"memory",1,5.49285714285714
"1551",199,"vision",0,5.13793103448276
"1552",199,"vision",1,5.78169014084507
"1553",200,"Calories",0,6.66666666666667
"1554",200,"Calories",1,6.56164383561644
"1555",200,"GDP",0,2.76470588235294
"1556",200,"GDP",1,5.09523809523809
"1557",200,"memory",0,2.62857142857143
"1558",200,"memory",1,4.89024390243902
"1559",200,"vision",0,3.28333333333333
"1560",200,"vision",1,4.05
"1561",201,"Calories",0,6.32142857142857
"1562",201,"Calories",1,6.29333333333333
"1563",201,"GDP",0,3.68965517241379
"1564",201,"GDP",1,5.26470588235294
"1565",201,"memory",0,2
"1566",201,"memory",1,4.81818181818182
"1567",201,"vision",0,3.16666666666667
"1568",201,"vision",1,4.46043165467626
"1569",202,"Calories",0,5.82758620689655
"1570",202,"Calories",1,6.03030303030303
"1571",202,"GDP",0,4.70588235294118
"1572",202,"GDP",1,5.32857142857143
"1573",202,"memory",0,3.59090909090909
"1574",202,"memory",1,5.21794871794872
"1575",202,"vision",0,5.15789473684211
"1576",202,"vision",1,5.55244755244755
"1577",203,"Calories",0,5.07407407407407
"1578",203,"Calories",1,5.71212121212121
"1579",203,"GDP",0,3.68965517241379
"1580",203,"GDP",1,4.73333333333333
"1581",203,"memory",0,2
"1582",203,"memory",1,5.63529411764706
"1583",203,"vision",0,2.83606557377049
"1584",203,"vision",1,3.15827338129496
"1585",204,"Calories",0,5.32258064516129
"1586",204,"Calories",1,5.93975903614458
"1587",204,"GDP",0,2.875
"1588",204,"GDP",1,4.53225806451613
"1589",204,"memory",0,4.14285714285714
"1590",204,"memory",1,5.61392405063291
"1591",204,"vision",0,3.96428571428571
"1592",204,"vision",1,4.30281690140845
"1593",205,"Calories",0,5.2
"1594",205,"Calories",1,6.06410256410256
"1595",205,"GDP",0,1.88888888888889
"1596",205,"GDP",1,3.95384615384615
"1597",205,"memory",0,3.05263157894737
"1598",205,"memory",1,6.05524861878453
"1599",205,"vision",0,2.63461538461538
"1600",205,"vision",1,3.85135135135135
"1601",206,"Calories",0,5.46875
"1602",206,"Calories",1,6.86486486486486
"1603",206,"GDP",0,3.71428571428571
"1604",206,"GDP",1,5.72727272727273
"1605",206,"memory",0,3.64516129032258
"1606",206,"memory",1,5.8698224852071
"1607",206,"vision",0,3.89655172413793
"1608",206,"vision",1,5.17730496453901
"1609",207,"Calories",0,6.17647058823529
"1610",207,"Calories",1,6.4
"1611",207,"GDP",0,5.62962962962963
"1612",207,"GDP",1,6.15068493150685
"1613",207,"memory",0,5.36363636363636
"1614",207,"memory",1,6.09774436090226
"1615",207,"vision",0,5.40740740740741
"1616",207,"vision",1,5.88888888888889
"1617",208,"Calories",0,3.125
"1618",208,"Calories",1,4.25974025974026
"1619",208,"GDP",0,1.07142857142857
"1620",208,"GDP",1,2.69354838709677
"1621",208,"memory",0,1.8125
"1622",208,"memory",1,4.31547619047619
"1623",208,"vision",0,3.13793103448276
"1624",208,"vision",1,4.29577464788732
"1625",209,"Calories",0,3.625
"1626",209,"Calories",1,5.17391304347826
"1627",209,"GDP",0,3.22222222222222
"1628",209,"GDP",1,5.32051282051282
"1629",209,"memory",0,2.7037037037037
"1630",209,"memory",1,4.54913294797688
"1631",209,"vision",0,1.86792452830189
"1632",209,"vision",1,2.74829931972789
"1633",210,"Calories",0,3.54545454545455
"1634",210,"Calories",1,3.57746478873239
"1635",210,"GDP",0,2.45833333333333
"1636",210,"GDP",1,4.84285714285714
"1637",210,"memory",0,1.31666666666667
"1638",210,"memory",1,3.4
"1639",210,"vision",0,2.63636363636364
"1640",210,"vision",1,3.36805555555556
"1641",211,"Calories",0,5.73333333333333
"1642",211,"Calories",1,6.6986301369863
"1643",211,"GDP",0,3.80769230769231
"1644",211,"GDP",1,4.47887323943662
"1645",211,"memory",0,4.45833333333333
"1646",211,"memory",1,6.39204545454545
"1647",211,"vision",0,4.375
"1648",211,"vision",1,5.77083333333333
"1649",212,"Calories",0,5.33333333333333
"1650",212,"Calories",1,6.23287671232877
"1651",212,"GDP",0,1
"1652",212,"GDP",1,1.19718309859155
"1653",212,"memory",0,2.25925925925926
"1654",212,"memory",1,4.6551724137931
"1655",212,"vision",0,3.23529411764706
"1656",212,"vision",1,3.98648648648649
"1657",213,"Calories",0,3.1
"1658",213,"Calories",1,3.21052631578947
"1659",213,"GDP",0,1.44
"1660",213,"GDP",1,2.47826086956522
"1661",213,"memory",0,4.36363636363636
"1662",213,"memory",1,6.47872340425532
"1663",213,"vision",0,3.35849056603774
"1664",213,"vision",1,3.97202797202797
"1665",214,"Calories",0,5.16666666666667
"1666",214,"Calories",1,5.671875
"1667",214,"GDP",0,4.89156626506024
"1668",214,"GDP",1,4.5
"1669",214,"memory",0,4.11111111111111
"1670",214,"memory",1,5.1021897810219
"1671",214,"vision",0,5.09090909090909
"1672",214,"vision",1,5.77241379310345
"1673",215,"Calories",0,3.62162162162162
"1674",215,"Calories",1,3.31944444444444
"1675",215,"GDP",0,3.82142857142857
"1676",215,"GDP",1,4.92063492063492
"1677",215,"memory",0,2.29166666666667
"1678",215,"memory",1,5.83522727272727
"1679",215,"vision",0,2.81034482758621
"1680",215,"vision",1,4.12676056338028
"1681",216,"Calories",0,4.29032258064516
"1682",216,"Calories",1,5.07352941176471
"1683",216,"GDP",0,2.125
"1684",216,"GDP",1,3.23880597014925
"1685",216,"memory",0,3.59016393442623
"1686",216,"memory",1,4.72463768115942
"1687",216,"vision",0,2.14814814814815
"1688",216,"vision",1,2.93150684931507
"1689",217,"Calories",0,4.92857142857143
"1690",217,"Calories",1,5.41269841269841
"1691",217,"GDP",0,4.61538461538461
"1692",217,"GDP",1,5.63414634146341
"1693",217,"memory",0,3.88421052631579
"1694",217,"memory",1,4.24761904761905
"1695",217,"vision",0,3.46296296296296
"1696",217,"vision",1,4.77397260273973
"1697",218,"Calories",0,5.19230769230769
"1698",218,"Calories",1,5.55072463768116
"1699",218,"GDP",0,4.2258064516129
"1700",218,"GDP",1,4.52702702702703
"1701",218,"memory",0,3.96774193548387
"1702",218,"memory",1,5.00724637681159
"1703",218,"vision",0,4.38983050847458
"1704",218,"vision",1,5.11428571428571
"1705",219,"Calories",0,5.26470588235294
"1706",219,"Calories",1,5.56410256410256
"1707",219,"GDP",0,3.79166666666667
"1708",219,"GDP",1,5.3968253968254
"1709",219,"memory",0,2.53846153846154
"1710",219,"memory",1,5.2816091954023
"1711",219,"vision",0,3.75384615384615
"1712",219,"vision",1,4.23880597014925
"1713",220,"Calories",0,4.77142857142857
"1714",220,"Calories",1,5.41666666666667
"1715",220,"GDP",0,5.33333333333333
"1716",220,"GDP",1,4.84722222222222
"1717",220,"memory",0,4.07142857142857
"1718",220,"memory",1,5.82911392405063
"1719",220,"vision",0,4.01724137931035
"1720",220,"vision",1,4.70921985815603
"1721",221,"Calories",0,3.81481481481481
"1722",221,"Calories",1,5.1044776119403
"1723",221,"GDP",0,2.20588235294118
"1724",221,"GDP",1,4.2112676056338
"1725",221,"memory",0,2.28205128205128
"1726",221,"memory",1,5.02484472049689
"1727",221,"vision",0,3
"1728",221,"vision",1,4.82068965517241
"1729",222,"Calories",0,5.41379310344828
"1730",222,"Calories",1,5.609375
"1731",222,"GDP",0,5.26666666666667
"1732",222,"GDP",1,5.75
"1733",222,"memory",0,4.10810810810811
"1734",222,"memory",1,5.63975155279503
"1735",222,"vision",0,3.2280701754386
"1736",222,"vision",1,4.06293706293706
"1737",223,"Calories",0,4.29032258064516
"1738",223,"Calories",1,4.77333333333333
"1739",223,"GDP",0,3.28571428571429
"1740",223,"GDP",1,3.8125
"1741",223,"memory",0,2.69387755102041
"1742",223,"memory",1,4.86754966887417
"1743",223,"vision",0,3.59259259259259
"1744",223,"vision",1,4.19178082191781
"1745",224,"Calories",0,4.60869565217391
"1746",224,"Calories",1,5.70666666666667
"1747",224,"GDP",0,2.85714285714286
"1748",224,"GDP",1,4.1969696969697
"1749",224,"memory",0,2.21875
"1750",224,"memory",1,5.17791411042945
"1751",224,"vision",0,3.4
"1752",224,"vision",1,4.76551724137931
"1753",225,"Calories",0,4.79411764705882
"1754",225,"Calories",1,5.52112676056338
"1755",225,"GDP",0,3.88
"1756",225,"GDP",1,5.60294117647059
"1757",225,"memory",0,3.42857142857143
"1758",225,"memory",1,6.16216216216216
"1759",225,"vision",0,3.68
"1760",225,"vision",1,5
"1761",226,"Calories",0,5.41379310344828
"1762",226,"Calories",1,5.73846153846154
"1763",226,"GDP",0,3.90625
"1764",226,"GDP",1,5.50684931506849
"1765",226,"memory",0,3.6
"1766",226,"memory",1,5.33333333333333
"1767",226,"vision",0,5.15254237288136
"1768",226,"vision",1,5.08571428571429
"1769",227,"Calories",0,3.90322580645161
"1770",227,"Calories",1,5.06666666666667
"1771",227,"GDP",0,3.78571428571429
"1772",227,"GDP",1,5.27692307692308
"1773",227,"memory",0,2.20833333333333
"1774",227,"memory",1,4.65131578947368
"1775",227,"vision",0,4.5
"1776",227,"vision",1,5.50704225352113
"1777",228,"Calories",0,4.75757575757576
"1778",228,"Calories",1,6.21052631578947
"1779",228,"GDP",0,2.96
"1780",228,"GDP",1,5.12121212121212
"1781",228,"memory",0,2.45238095238095
"1782",228,"memory",1,4.61935483870968
"1783",228,"vision",0,4.07272727272727
"1784",228,"vision",1,4.84137931034483
"1785",229,"Calories",0,3.59259259259259
"1786",229,"Calories",1,5.02666666666667
"1787",229,"GDP",0,3.41379310344828
"1788",229,"GDP",1,4.27536231884058
"1789",229,"memory",0,1.91304347826087
"1790",229,"memory",1,4.48701298701299
"1791",229,"vision",0,3.07547169811321
"1792",229,"vision",1,3.8551724137931
"1793",230,"Calories",0,3.7037037037037
"1794",230,"Calories",1,5.46774193548387
"1795",230,"GDP",0,2.53125
"1796",230,"GDP",1,3.53333333333333
"1797",230,"memory",0,2.16901408450704
"1798",230,"memory",1,3.73643410852713
"1799",230,"vision",0,2.63157894736842
"1800",230,"vision",1,3.39160839160839
"1801",231,"Calories",0,5.17241379310345
"1802",231,"Calories",1,5.72602739726027
"1803",231,"GDP",0,2.90625
"1804",231,"GDP",1,5.09090909090909
"1805",231,"memory",0,3.83333333333333
"1806",231,"memory",1,5.11585365853659
"1807",231,"vision",0,3.59649122807018
"1808",231,"vision",1,4.58041958041958
"1809",232,"Calories",0,4.73076923076923
"1810",232,"Calories",1,5.67164179104478
"1811",232,"GDP",0,2.89189189189189
"1812",232,"GDP",1,4.95652173913043
"1813",232,"memory",0,2.83333333333333
"1814",232,"memory",1,4.28082191780822
"1815",232,"vision",0,2
"1816",232,"vision",1,2.70422535211268
"1817",233,"Calories",0,4.32258064516129
"1818",233,"Calories",1,5.29166666666667
"1819",233,"GDP",0,2.62962962962963
"1820",233,"GDP",1,4.13114754098361
"1821",233,"memory",0,2.68571428571429
"1822",233,"memory",1,5.04848484848485
"1823",233,"vision",0,1.94444444444444
"1824",233,"vision",1,2.17241379310345
"1825",234,"Calories",0,4.76470588235294
"1826",234,"Calories",1,4.62121212121212
"1827",234,"GDP",0,4.24137931034483
"1828",234,"GDP",1,5.23943661971831
"1829",234,"memory",0,3.29268292682927
"1830",234,"memory",1,5.35220125786164
"1831",234,"vision",0,4.64285714285714
"1832",234,"vision",1,4.77622377622378
"1833",235,"Calories",0,3.58823529411765
"1834",235,"Calories",1,4.18987341772152
"1835",235,"GDP",0,4.56
"1836",235,"GDP",1,4.2741935483871
"1837",235,"memory",0,3.41052631578947
"1838",235,"memory",1,3.57142857142857
"1839",235,"vision",0,3.62962962962963
"1840",235,"vision",1,3.96551724137931
"1841",236,"Calories",0,5.10714285714286
"1842",236,"Calories",1,5.73239436619718
"1843",236,"GDP",0,1.82142857142857
"1844",236,"GDP",1,3.93150684931507
"1845",236,"memory",0,2.66071428571429
"1846",236,"memory",1,4.34965034965035
"1847",236,"vision",0,3.96296296296296
"1848",236,"vision",1,5.26027397260274
"1849",237,"Calories",0,5.63333333333333
"1850",237,"Calories",1,5.97435897435897
"1851",237,"GDP",0,3.53333333333333
"1852",237,"GDP",1,4.95161290322581
"1853",237,"memory",0,1.96052631578947
"1854",237,"memory",1,2.87096774193548
"1855",237,"vision",0,4
"1856",237,"vision",1,4.5958904109589
"1857",238,"Calories",0,5.36
"1858",238,"Calories",1,6.13095238095238
"1859",238,"GDP",0,1.03030303030303
"1860",238,"GDP",1,3.39655172413793
"1861",238,"memory",0,1.28846153846154
"1862",238,"memory",1,4.76351351351351
"1863",238,"vision",0,4.6734693877551
"1864",238,"vision",1,5.57615894039735
"1865",239,"Calories",0,5.89655172413793
"1866",239,"Calories",1,5.87323943661972
"1867",239,"GDP",0,3.4
"1868",239,"GDP",1,4.76811594202899
"1869",239,"memory",0,3.19354838709677
"1870",239,"memory",1,4.70802919708029
"1871",239,"vision",0,4.67307692307692
"1872",239,"vision",1,5.18248175182482
"1873",240,"Calories",0,4.4
"1874",240,"Calories",1,5.66666666666667
"1875",240,"GDP",0,3.55555555555556
"1876",240,"GDP",1,4.45070422535211
"1877",240,"memory",0,4.16981132075472
"1878",240,"memory",1,4.81506849315068
"1879",240,"vision",0,3.57142857142857
"1880",240,"vision",1,4.34306569343066
"1881",241,"Calories",0,6
"1882",241,"Calories",1,6.42253521126761
"1883",241,"GDP",0,4
"1884",241,"GDP",1,5.37333333333333
"1885",241,"memory",0,1.93333333333333
"1886",241,"memory",1,5.45161290322581
"1887",241,"vision",0,1.75510204081633
"1888",241,"vision",1,2.64238410596026
"1889",242,"Calories",0,5.25
"1890",242,"Calories",1,5.40845070422535
"1891",242,"GDP",0,4.92857142857143
"1892",242,"GDP",1,5.05479452054795
"1893",242,"memory",0,4.06666666666667
"1894",242,"memory",1,5.68235294117647
"1895",242,"vision",0,5.15873015873016
"1896",242,"vision",1,5.62043795620438
"1897",243,"Calories",0,4.03846153846154
"1898",243,"Calories",1,5.08695652173913
"1899",243,"GDP",0,3.37037037037037
"1900",243,"GDP",1,4.15277777777778
"1901",243,"memory",0,3.22388059701493
"1902",243,"memory",1,4.39097744360902
"1903",243,"vision",0,3.76923076923077
"1904",243,"vision",1,4.82432432432432
"1905",244,"Calories",0,6.35714285714286
"1906",244,"Calories",1,6.58108108108108
"1907",244,"GDP",0,3.48387096774194
"1908",244,"GDP",1,4.5
"1909",244,"memory",0,3.25641025641026
"1910",244,"memory",1,4.3416149068323
"1911",244,"vision",0,3.31578947368421
"1912",244,"vision",1,3.97183098591549
"1913",245,"Calories",0,5.75
"1914",245,"Calories",1,5.2027027027027
"1915",245,"GDP",0,4.8
"1916",245,"GDP",1,5.88709677419355
"1917",245,"memory",0,2.51351351351351
"1918",245,"memory",1,3.84920634920635
"1919",245,"vision",0,3.44827586206897
"1920",245,"vision",1,4.30985915492958
"1921",246,"Calories",0,4.8974358974359
"1922",246,"Calories",1,4.05970149253731
"1923",246,"GDP",0,2.73913043478261
"1924",246,"GDP",1,4.9
"1925",246,"memory",0,2.95833333333333
"1926",246,"memory",1,5.88571428571429
"1927",246,"vision",0,2.86885245901639
"1928",246,"vision",1,3.77697841726619
"1929",247,"Calories",0,5.07142857142857
"1930",247,"Calories",1,5.74666666666667
"1931",247,"GDP",0,3.41379310344828
"1932",247,"GDP",1,4.64615384615385
"1933",247,"memory",0,2.73809523809524
"1934",247,"memory",1,4.69426751592357
"1935",247,"vision",0,3.58064516129032
"1936",247,"vision",1,3.96296296296296
"1937",248,"Calories",0,4.48148148148148
"1938",248,"Calories",1,6.15068493150685
"1939",248,"GDP",0,2.79310344827586
"1940",248,"GDP",1,4.98591549295775
"1941",248,"memory",0,3
"1942",248,"memory",1,5.00632911392405
"1943",248,"vision",0,3.38181818181818
"1944",248,"vision",1,4.02777777777778
"1945",249,"Calories",0,4.79411764705882
"1946",249,"Calories",1,5.01612903225806
"1947",249,"GDP",0,3.47619047619048
"1948",249,"GDP",1,5.59756097560976
"1949",249,"memory",0,4.01515151515152
"1950",249,"memory",1,4.85606060606061
"1951",249,"vision",0,3.66666666666667
"1952",249,"vision",1,4.32876712328767
"1953",250,"Calories",0,4.87096774193548
"1954",250,"Calories",1,5.20833333333333
"1955",250,"GDP",0,4.86111111111111
"1956",250,"GDP",1,4.89830508474576
"1957",250,"memory",0,2.69811320754717
"1958",250,"memory",1,4.77551020408163
"1959",250,"vision",0,2.39285714285714
"1960",250,"vision",1,3.5625
"1961",252,"Calories",0,4.875
"1962",252,"Calories",1,5.1044776119403
"1963",252,"GDP",0,3.35294117647059
"1964",252,"GDP",1,4.625
"1965",252,"memory",0,2.69387755102041
"1966",252,"memory",1,3.69127516778523
"1967",252,"vision",0,3.53703703703704
"1968",252,"vision",1,4.48965517241379
"1969",253,"Calories",0,5.28125
"1970",253,"Calories",1,5.38666666666667
"1971",253,"GDP",0,3.14705882352941
"1972",253,"GDP",1,5.64406779661017
"1973",253,"memory",0,3.89285714285714
"1974",253,"memory",1,4.55555555555556
"1975",253,"vision",0,4.125
"1976",253,"vision",1,4.91608391608392
"1977",254,"Calories",0,5.03225806451613
"1978",254,"Calories",1,5.10666666666667
"1979",254,"GDP",0,4.07692307692308
"1980",254,"GDP",1,4.92537313432836
"1981",254,"memory",0,3.47169811320755
"1982",254,"memory",1,4.81632653061224
"1983",254,"vision",0,4.61111111111111
"1984",254,"vision",1,5.28275862068966
"1985",255,"Calories",0,4.61904761904762
"1986",255,"Calories",1,5.12676056338028
"1987",255,"GDP",0,3.8125
"1988",255,"GDP",1,4.93055555555556
"1989",255,"memory",0,3.17977528089888
"1990",255,"memory",1,4.16363636363636
"1991",255,"vision",0,3.44642857142857
"1992",255,"vision",1,3.78321678321678
"1993",256,"Calories",0,5.51724137931035
"1994",256,"Calories",1,5.87179487179487
"1995",256,"GDP",0,3.66666666666667
"1996",256,"GDP",1,4.33333333333333
"1997",256,"memory",0,1.95348837209302
"1998",256,"memory",1,4.59872611464968
"1999",256,"vision",0,4
"2000",256,"vision",1,4.65972222222222
"2001",257,"Calories",0,4.73333333333333
"2002",257,"Calories",1,5.76271186440678
"2003",257,"GDP",0,2.96774193548387
"2004",257,"GDP",1,4.23287671232877
"2005",257,"memory",0,2.80952380952381
"2006",257,"memory",1,5.49367088607595
"2007",257,"vision",0,3.36842105263158
"2008",257,"vision",1,4.18181818181818
"2009",258,"Calories",0,5.44444444444444
"2010",258,"Calories",1,5.91304347826087
"2011",258,"GDP",0,2.71428571428571
"2012",258,"GDP",1,4.82608695652174
"2013",258,"memory",0,4.075
"2014",258,"memory",1,5.38125
"2015",258,"vision",0,3.70588235294118
"2016",258,"vision",1,4.91275167785235
"2017",259,"Calories",0,5.64
"2018",259,"Calories",1,6.26666666666667
"2019",259,"GDP",0,2.15384615384615
"2020",259,"GDP",1,4.10526315789474
"2021",259,"memory",0,1.96428571428571
"2022",259,"memory",1,3.96503496503496
"2023",259,"vision",0,3.35294117647059
"2024",259,"vision",1,4.48322147651007
"2025",260,"Calories",0,4.68965517241379
"2026",260,"Calories",1,5.1375
"2027",260,"GDP",0,3.53846153846154
"2028",260,"GDP",1,4.32307692307692
"2029",260,"memory",0,2.92
"2030",260,"memory",1,5.28735632183908
"2031",260,"vision",0,3.54237288135593
"2032",260,"vision",1,4.78571428571429
"2033",261,"Calories",0,4.75
"2034",261,"Calories",1,4.81967213114754
"2035",261,"GDP",0,3.77777777777778
"2036",261,"GDP",1,5.6
"2037",261,"memory",0,3.64102564102564
"2038",261,"memory",1,5.70807453416149
"2039",261,"vision",0,4.32142857142857
"2040",261,"vision",1,5.36805555555556
"2041",262,"Calories",0,5.48648648648649
"2042",262,"Calories",1,5.86153846153846
"2043",262,"GDP",0,3.37931034482759
"2044",262,"GDP",1,4.87096774193548
"2045",262,"memory",0,2.5
"2046",262,"memory",1,4.79768786127168
"2047",262,"vision",0,3.61818181818182
"2048",262,"vision",1,3.65277777777778
"2049",263,"Calories",0,4.23076923076923
"2050",263,"Calories",1,6
"2051",263,"GDP",0,3.27272727272727
"2052",263,"GDP",1,4.49333333333333
"2053",263,"memory",0,2.48936170212766
"2054",263,"memory",1,4.55555555555556
"2055",263,"vision",0,2.83333333333333
"2056",263,"vision",1,4.24827586206897
"2057",264,"Calories",0,3.72
"2058",264,"Calories",1,4.62162162162162
"2059",264,"GDP",0,3.6
"2060",264,"GDP",1,5.08450704225352
"2061",264,"memory",0,2.74074074074074
"2062",264,"memory",1,5.52380952380952
"2063",264,"vision",0,2.38888888888889
"2064",264,"vision",1,3.23972602739726
"2065",265,"Calories",0,4.09677419354839
"2066",265,"Calories",1,5.15492957746479
"2067",265,"GDP",0,4.72727272727273
"2068",265,"GDP",1,5.83076923076923
"2069",265,"memory",0,1.85714285714286
"2070",265,"memory",1,4.21232876712329
"2071",265,"vision",0,3.30909090909091
"2072",265,"vision",1,3.98620689655172
"2073",266,"Calories",0,2.88
"2074",266,"Calories",1,4.10606060606061
"2075",266,"GDP",0,1.84848484848485
"2076",266,"GDP",1,2.36486486486486
"2077",266,"memory",0,1.82051282051282
"2078",266,"memory",1,3.16025641025641
"2079",266,"vision",0,2.71153846153846
"2080",266,"vision",1,3.44444444444444
"2081",267,"Calories",0,3.62068965517241
"2082",267,"Calories",1,4.42647058823529
"2083",267,"GDP",0,3.81481481481481
"2084",267,"GDP",1,4.49253731343284
"2085",267,"memory",0,2.79220779220779
"2086",267,"memory",1,3.26016260162602
"2087",267,"vision",0,3.77586206896552
"2088",267,"vision",1,4.48201438848921
"2089",268,"Calories",0,5.81481481481481
"2090",268,"Calories",1,6.65671641791045
"2091",268,"GDP",0,3.70967741935484
"2092",268,"GDP",1,5.88
"2093",268,"memory",0,4.12676056338028
"2094",268,"memory",1,5.23255813953488
"2095",268,"vision",0,4.22950819672131
"2096",268,"vision",1,5.50359712230216
"2097",269,"Calories",0,4.12903225806452
"2098",269,"Calories",1,4.46575342465753
"2099",269,"GDP",0,4.07692307692308
"2100",269,"GDP",1,4.70588235294118
"2101",269,"memory",0,2.72222222222222
"2102",269,"memory",1,5.82967032967033
"2103",269,"vision",0,3.69090909090909
"2104",269,"vision",1,5.12413793103448
"2105",270,"Calories",0,5.09375
"2106",270,"Calories",1,5.85507246376812
"2107",270,"GDP",0,3.62962962962963
"2108",270,"GDP",1,4.56338028169014
"2109",270,"memory",0,3.98550724637681
"2110",270,"memory",1,4.88372093023256
"2111",270,"vision",0,4.91071428571429
"2112",270,"vision",1,5.95804195804196
"2113",271,"Calories",0,3.15384615384615
"2114",271,"Calories",1,4.28571428571429
"2115",271,"GDP",0,2.88888888888889
"2116",271,"GDP",1,4.08955223880597
"2117",271,"memory",0,2.53333333333333
"2118",271,"memory",1,4.23529411764706
"2119",271,"vision",0,2.25
"2120",271,"vision",1,3.30215827338129
"2121",273,"Calories",0,4.3
"2122",273,"Calories",1,5.5
"2123",273,"GDP",0,2.60869565217391
"2124",273,"GDP",1,4.10606060606061
"2125",273,"memory",0,3.46153846153846
"2126",273,"memory",1,5.63005780346821
"2127",273,"vision",0,2.24137931034483
"2128",273,"vision",1,2.74468085106383
"2129",274,"Calories",0,4.5
"2130",274,"Calories",1,5.76388888888889
"2131",274,"GDP",0,2.46153846153846
"2132",274,"GDP",1,4.75714285714286
"2133",274,"memory",0,1.76190476190476
"2134",274,"memory",1,5.28089887640449
"2135",274,"vision",0,1.83636363636364
"2136",274,"vision",1,2.62758620689655
"2137",275,"Calories",0,3.69565217391304
"2138",275,"Calories",1,4.8125
"2139",275,"GDP",0,2.26470588235294
"2140",275,"GDP",1,4.19480519480519
"2141",275,"memory",0,2
"2142",275,"memory",1,3.53424657534247
"2143",275,"vision",0,2.48214285714286
"2144",275,"vision",1,2.97916666666667
"2145",276,"Calories",0,3.90322580645161
"2146",276,"Calories",1,4.45205479452055
"2147",276,"GDP",0,2.8
"2148",276,"GDP",1,4.65151515151515
"2149",276,"memory",0,3.78571428571429
"2150",276,"memory",1,4.83802816901408
"2151",276,"vision",0,3.25
"2152",276,"vision",1,4.0472972972973
"2153",277,"Calories",0,5.64516129032258
"2154",277,"Calories",1,5.42857142857143
"2155",277,"GDP",0,2.30555555555556
"2156",277,"GDP",1,3.44642857142857
"2157",277,"memory",0,3.85714285714286
"2158",277,"memory",1,5.71523178807947
"2159",277,"vision",0,3.40350877192982
"2160",277,"vision",1,4.77304964539007
"2161",278,"Calories",0,3
"2162",278,"Calories",1,4.08641975308642
"2163",278,"GDP",0,2.38461538461538
"2164",278,"GDP",1,3.40677966101695
"2165",278,"memory",0,1.55555555555556
"2166",278,"memory",1,5.86111111111111
"2167",278,"vision",0,2.02222222222222
"2168",278,"vision",1,2.2
"2169",279,"Calories",0,4.32258064516129
"2170",279,"Calories",1,4.64
"2171",279,"GDP",0,2.92592592592593
"2172",279,"GDP",1,4.19402985074627
"2173",279,"memory",0,2.57142857142857
"2174",279,"memory",1,4.35151515151515
"2175",279,"vision",0,3.33928571428571
"2176",279,"vision",1,3.8125
"2177",280,"Calories",0,5.75862068965517
"2178",280,"Calories",1,5.94871794871795
"2179",280,"GDP",0,3.10714285714286
"2180",280,"GDP",1,5.04615384615385
"2181",280,"memory",0,2.67441860465116
"2182",280,"memory",1,5.14012738853503
"2183",280,"vision",0,3.89090909090909
"2184",280,"vision",1,4.375
"2185",281,"Calories",0,5.2
"2186",281,"Calories",1,6.265625
"2187",281,"GDP",0,3.2
"2188",281,"GDP",1,4.65753424657534
"2189",281,"memory",0,3.56896551724138
"2190",281,"memory",1,5.63829787234043
"2191",281,"vision",0,3.6
"2192",281,"vision",1,4.01379310344828
"2193",282,"Calories",0,4.43333333333333
"2194",282,"Calories",1,3.94366197183099
"2195",282,"GDP",0,3.56
"2196",282,"GDP",1,3.87671232876712
"2197",282,"memory",0,4.59259259259259
"2198",282,"memory",1,3.6547619047619
"2199",282,"vision",0,4.13461538461539
"2200",282,"vision",1,4.18367346938776
"2201",283,"Calories",0,4.16666666666667
"2202",283,"Calories",1,4.57692307692308
"2203",283,"GDP",0,3.52173913043478
"2204",283,"GDP",1,4.56521739130435
"2205",283,"memory",0,3.83333333333333
"2206",283,"memory",1,5.59259259259259
"2207",283,"vision",0,4.30188679245283
"2208",283,"vision",1,4.91095890410959
"2209",284,"Calories",0,5.10714285714286
"2210",284,"Calories",1,5.36486486486486
"2211",284,"GDP",0,2.54838709677419
"2212",284,"GDP",1,3.98484848484848
"2213",284,"memory",0,2.57692307692308
"2214",284,"memory",1,4.23287671232877
"2215",284,"vision",0,2.88461538461538
"2216",284,"vision",1,3.73469387755102
"2217",285,"Calories",0,4.45833333333333
"2218",285,"Calories",1,5.40845070422535
"2219",285,"GDP",0,4.35483870967742
"2220",285,"GDP",1,5.85135135135135
"2221",285,"memory",0,2.04285714285714
"2222",285,"memory",1,3.84496124031008
"2223",285,"vision",0,2.42592592592593
"2224",285,"vision",1,3.70547945205479
"2225",286,"Calories",0,5.17857142857143
"2226",286,"Calories",1,5.95454545454545
"2227",286,"GDP",0,3.51612903225806
"2228",286,"GDP",1,4.72058823529412
"2229",286,"memory",0,2.40625
"2230",286,"memory",1,5.92215568862275
"2231",286,"vision",0,2.86206896551724
"2232",286,"vision",1,4.17142857142857
"2233",287,"Calories",0,4.82758620689655
"2234",287,"Calories",1,5.43589743589744
"2235",287,"GDP",0,3.83870967741935
"2236",287,"GDP",1,4.83333333333333
"2237",287,"memory",0,2.64516129032258
"2238",287,"memory",1,5.31952662721894
"2239",287,"vision",0,3.88333333333333
"2240",287,"vision",1,4.61428571428571
"2241",288,"Calories",0,3.6969696969697
"2242",288,"Calories",1,3.71794871794872
"2243",288,"GDP",0,2.63636363636364
"2244",288,"GDP",1,4.43939393939394
"2245",288,"memory",0,1.75
"2246",288,"memory",1,4.28048780487805
"2247",288,"vision",0,2.41818181818182
"2248",288,"vision",1,3.20689655172414
"2249",289,"Calories",0,4.93103448275862
"2250",289,"Calories",1,5.375
"2251",289,"GDP",0,1
"2252",289,"GDP",1,1.50909090909091
"2253",289,"memory",0,2.24242424242424
"2254",289,"memory",1,5.64670658682635
"2255",289,"vision",0,3.71153846153846
"2256",289,"vision",1,3.98639455782313
"2257",290,"Calories",0,5.17142857142857
"2258",290,"Calories",1,5.9041095890411
"2259",290,"GDP",0,3.37931034482759
"2260",290,"GDP",1,5.28333333333333
"2261",290,"memory",0,2.04545454545455
"2262",290,"memory",1,4.91333333333333
"2263",290,"vision",0,4.33898305084746
"2264",290,"vision",1,5.54609929078014
"2265",291,"Calories",0,6.10344827586207
"2266",291,"Calories",1,6.39130434782609
"2267",291,"GDP",0,5.82142857142857
"2268",291,"GDP",1,5.875
"2269",291,"memory",0,3.36206896551724
"2270",291,"memory",1,4.44285714285714
"2271",291,"vision",0,5.87719298245614
"2272",291,"vision",1,6.47887323943662
"2273",292,"Calories",0,5.10344827586207
"2274",292,"Calories",1,5.68918918918919
"2275",292,"GDP",0,2.80769230769231
"2276",292,"GDP",1,4.04285714285714
"2277",292,"memory",0,2.9047619047619
"2278",292,"memory",1,4.96323529411765
"2279",292,"vision",0,1.82758620689655
"2280",292,"vision",1,2.41549295774648
"2281",293,"Calories",0,4.64516129032258
"2282",293,"Calories",1,5.58666666666667
"2283",293,"GDP",0,3
"2284",293,"GDP",1,3.62686567164179
"2285",293,"memory",0,3.4468085106383
"2286",293,"memory",1,5.125
"2287",293,"vision",0,4.90322580645161
"2288",293,"vision",1,5.56521739130435
"2289",294,"Calories",0,4.6551724137931
"2290",294,"Calories",1,5.89189189189189
"2291",294,"GDP",0,3.44444444444444
"2292",294,"GDP",1,4.92753623188406
"2293",294,"memory",0,3.37931034482759
"2294",294,"memory",1,5.5
"2295",294,"vision",0,3.64912280701754
"2296",294,"vision",1,4.86013986013986
"2297",295,"Calories",0,5.03448275862069
"2298",295,"Calories",1,5.86666666666667
"2299",295,"GDP",0,3.67857142857143
"2300",295,"GDP",1,4.83076923076923
"2301",295,"memory",0,3.84782608695652
"2302",295,"memory",1,5.61437908496732
"2303",295,"vision",0,3.7962962962963
"2304",295,"vision",1,4.3169014084507
"2305",296,"Calories",0,5.48484848484848
"2306",296,"Calories",1,6.30434782608696
"2307",296,"GDP",0,3.29411764705882
"2308",296,"GDP",1,5.625
"2309",296,"memory",0,3.5
"2310",296,"memory",1,5.375
"2311",296,"vision",0,3.64516129032258
"2312",296,"vision",1,4.07246376811594
"2313",297,"Calories",0,3.5
"2314",297,"Calories",1,5.2
"2315",297,"GDP",0,3.13333333333333
"2316",297,"GDP",1,4.91780821917808
"2317",297,"memory",0,2.69767441860465
"2318",297,"memory",1,5.26114649681529
"2319",297,"vision",0,3.98333333333333
"2320",297,"vision",1,5.0431654676259
"2321",298,"Calories",0,5.23076923076923
"2322",298,"Calories",1,5.50724637681159
"2323",298,"GDP",0,3.39285714285714
"2324",298,"GDP",1,5.03896103896104
"2325",298,"memory",0,2.76666666666667
"2326",298,"memory",1,5.94674556213018
"2327",298,"vision",0,3.74193548387097
"2328",298,"vision",1,4.7956204379562
"2329",299,"Calories",0,5.08
"2330",299,"Calories",1,6
"2331",299,"GDP",0,2.54545454545455
"2332",299,"GDP",1,4.9041095890411
"2333",299,"memory",0,1.88095238095238
"2334",299,"memory",1,4.77848101265823
"2335",299,"vision",0,3.60655737704918
"2336",299,"vision",1,5.06474820143885
"2337",300,"Calories",0,4.17241379310345
"2338",300,"Calories",1,4.64197530864198
"2339",300,"GDP",0,2.22222222222222
"2340",300,"GDP",1,3.38095238095238
"2341",300,"memory",0,2.18181818181818
"2342",300,"memory",1,5.77401129943503
"2343",300,"vision",0,4.03571428571429
"2344",300,"vision",1,5.0625
"2345",301,"Calories",0,2.66666666666667
"2346",301,"Calories",1,3.59677419354839
"2347",301,"GDP",0,1.80645161290323
"2348",301,"GDP",1,3.61842105263158
"2349",301,"memory",0,1.63333333333333
"2350",301,"memory",1,5.01183431952663
"2351",301,"vision",0,3.60377358490566
"2352",301,"vision",1,4.37414965986395
"2353",302,"Calories",0,4.32
"2354",302,"Calories",1,5.91935483870968
"2355",302,"GDP",0,4.87096774193548
"2356",302,"GDP",1,5.5625
"2357",302,"memory",0,1.55555555555556
"2358",302,"memory",1,4.65131578947368
"2359",302,"vision",0,2.4
"2360",302,"vision",1,3.61379310344828
"2361",303,"Calories",0,6.3
"2362",303,"Calories",1,6.21212121212121
"2363",303,"GDP",0,6.20689655172414
"2364",303,"GDP",1,6.56164383561644
"2365",303,"memory",0,4.09615384615385
"2366",303,"memory",1,5.4527027027027
"2367",303,"vision",0,5.12727272727273
"2368",303,"vision",1,5.88888888888889
"2369",304,"Calories",0,4.37037037037037
"2370",304,"Calories",1,5.59375
"2371",304,"GDP",0,3
"2372",304,"GDP",1,5.13157894736842
"2373",304,"memory",0,2.45454545454545
"2374",304,"memory",1,4.53846153846154
"2375",304,"vision",0,3.5
"2376",304,"vision",1,4.78571428571429
"2377",305,"Calories",0,5.11538461538461
"2378",305,"Calories",1,5.55714285714286
"2379",305,"GDP",0,4.25
"2380",305,"GDP",1,5.36842105263158
"2381",305,"memory",0,2.25925925925926
"2382",305,"memory",1,3.34931506849315
"2383",305,"vision",0,3.73214285714286
"2384",305,"vision",1,4.24113475177305
"2385",306,"Calories",0,4.42307692307692
"2386",306,"Calories",1,4.91428571428571
"2387",306,"GDP",0,2.64516129032258
"2388",306,"GDP",1,3.28767123287671
"2389",306,"memory",0,3.425
"2390",306,"memory",1,5.13013698630137
"2391",306,"vision",0,2.08474576271186
"2392",306,"vision",1,3.12056737588652
"2393",307,"Calories",0,3.41935483870968
"2394",307,"Calories",1,4.17808219178082
"2395",307,"GDP",0,1.68
"2396",307,"GDP",1,1.94285714285714
"2397",307,"memory",0,2.23255813953488
"2398",307,"memory",1,5.00636942675159
"2399",307,"vision",0,2.77777777777778
"2400",307,"vision",1,3.76712328767123
"2401",308,"Calories",0,3.10714285714286
"2402",308,"Calories",1,5.10126582278481
"2403",308,"GDP",0,2.24137931034483
"2404",308,"GDP",1,4.06349206349206
"2405",308,"memory",0,3.83333333333333
"2406",308,"memory",1,5.85889570552147
"2407",308,"vision",0,3.34
"2408",308,"vision",1,5.06
"2409",309,"Calories",0,5.66666666666667
"2410",309,"Calories",1,6.34328358208955
"2411",309,"GDP",0,4.3
"2412",309,"GDP",1,5.93333333333333
"2413",309,"memory",0,2.89583333333333
"2414",309,"memory",1,4.29139072847682
"2415",309,"vision",0,4.23214285714286
"2416",309,"vision",1,5.2027972027972
"2417",310,"Calories",0,5.68
"2418",310,"Calories",1,6.25
"2419",310,"GDP",0,4.70588235294118
"2420",310,"GDP",1,5.79012345679012
"2421",310,"memory",0,2.69090909090909
"2422",310,"memory",1,4.33793103448276
"2423",310,"vision",0,3.19642857142857
"2424",310,"vision",1,3.91666666666667
"2425",311,"Calories",0,4.30434782608696
"2426",311,"Calories",1,4.85294117647059
"2427",311,"GDP",0,3.11111111111111
"2428",311,"GDP",1,4.43589743589744
"2429",311,"memory",0,2.76923076923077
"2430",311,"memory",1,3.93243243243243
"2431",311,"vision",0,3.31372549019608
"2432",311,"vision",1,4.14765100671141
"2433",312,"Calories",0,5.325
"2434",312,"Calories",1,5.3
"2435",312,"GDP",0,3.44827586206897
"2436",312,"GDP",1,4.91803278688525
"2437",312,"memory",0,3.16981132075472
"2438",312,"memory",1,4.67808219178082
"2439",312,"vision",0,4.25862068965517
"2440",312,"vision",1,4.6830985915493
"2441",313,"Calories",0,6
"2442",313,"Calories",1,6.51428571428571
"2443",313,"GDP",0,4.97058823529412
"2444",313,"GDP",1,5.85507246376812
"2445",313,"memory",0,4.5
"2446",313,"memory",1,5.43624161073826
"2447",313,"vision",0,5.6
"2448",313,"vision",1,5.80689655172414
"2449",314,"Calories",0,4.68
"2450",314,"Calories",1,4.82857142857143
"2451",314,"GDP",0,4.57575757575758
"2452",314,"GDP",1,5.11267605633803
"2453",314,"memory",0,3.3125
"2454",314,"memory",1,4.3135593220339
"2455",314,"vision",0,4.58181818181818
"2456",314,"vision",1,4.99310344827586
"2457",315,"Calories",0,4.58620689655172
"2458",315,"Calories",1,4.89655172413793
"2459",315,"GDP",0,3.02380952380952
"2460",315,"GDP",1,5.54929577464789
"2461",315,"memory",0,1.2093023255814
"2462",315,"memory",1,4.84076433121019
"2463",315,"vision",0,1.89090909090909
"2464",315,"vision",1,3.53103448275862
"2465",316,"Calories",0,4.04347826086957
"2466",316,"Calories",1,5.29230769230769
"2467",316,"GDP",0,3.42857142857143
"2468",316,"GDP",1,5.09876543209877
"2469",316,"memory",0,2.05882352941176
"2470",316,"memory",1,4.00671140939597
"2471",316,"vision",0,3.17857142857143
"2472",316,"vision",1,3.81944444444444
"2473",317,"Calories",0,5.48
"2474",317,"Calories",1,5.81818181818182
"2475",317,"GDP",0,3.66666666666667
"2476",317,"GDP",1,4.1864406779661
"2477",317,"memory",0,4.53488372093023
"2478",317,"memory",1,5.55414012738853
"2479",317,"vision",0,4.88888888888889
"2480",317,"vision",1,5.32867132867133
"2481",318,"Calories",0,5.75
"2482",318,"Calories",1,6.05660377358491
"2483",318,"GDP",0,5.9375
"2484",318,"GDP",1,6.48648648648649
"2485",318,"memory",0,3.75675675675676
"2486",318,"memory",1,4.91304347826087
"2487",318,"vision",0,4.30769230769231
"2488",318,"vision",1,5.28378378378378
"2489",319,"Calories",0,5.48148148148148
"2490",319,"Calories",1,6.15384615384615
"2491",319,"GDP",0,3.6875
"2492",319,"GDP",1,5.12
"2493",319,"memory",0,3.36666666666667
"2494",319,"memory",1,5.88823529411765
"2495",319,"vision",0,3.94444444444444
"2496",319,"vision",1,4.32867132867133
"2497",320,"Calories",0,4.93103448275862
"2498",320,"Calories",1,5.13924050632911
"2499",320,"GDP",0,4.15625
"2500",320,"GDP",1,5.46666666666667
"2501",320,"memory",0,3.4047619047619
"2502",320,"memory",1,5.09493670886076
"2503",320,"vision",0,3.90740740740741
"2504",320,"vision",1,4.80821917808219
"2505",321,"Calories",0,5.5
"2506",321,"Calories",1,6.25714285714286
"2507",321,"GDP",0,4.83870967741935
"2508",321,"GDP",1,5.87671232876712
"2509",321,"memory",0,3.52
"2510",321,"memory",1,5.34666666666667
"2511",321,"vision",0,5.61666666666667
"2512",321,"vision",1,5.76428571428571
"2513",323,"Calories",0,4.79310344827586
"2514",323,"Calories",1,5.84375
"2515",323,"GDP",0,3.36666666666667
"2516",323,"GDP",1,4.61643835616438
"2517",323,"memory",0,2.55737704918033
"2518",323,"memory",1,4.05839416058394
"2519",323,"vision",0,3.55172413793103
"2520",323,"vision",1,4.66901408450704
"2521",324,"Calories",0,4.85714285714286
"2522",324,"Calories",1,6.08450704225352
"2523",324,"GDP",0,4.26666666666667
"2524",324,"GDP",1,4.92063492063492
"2525",324,"memory",0,4.0625
"2526",324,"memory",1,5.66265060240964
"2527",324,"vision",0,3.8
"2528",324,"vision",1,4.6241610738255
"2529",325,"Calories",0,4.61111111111111
"2530",325,"Calories",1,5.33333333333333
"2531",325,"GDP",0,2.33333333333333
"2532",325,"GDP",1,5.40983606557377
"2533",325,"memory",0,1.56410256410256
"2534",325,"memory",1,4.88125
"2535",325,"vision",0,3.25
"2536",325,"vision",1,4.08333333333333
"2537",326,"Calories",0,4.35714285714286
"2538",326,"Calories",1,5.77333333333333
"2539",326,"GDP",0,1.96296296296296
"2540",326,"GDP",1,4.20289855072464
"2541",326,"memory",0,2.11111111111111
"2542",326,"memory",1,4.52439024390244
"2543",326,"vision",0,3.53448275862069
"2544",326,"vision",1,3.87943262411348
"2545",327,"Calories",0,5.91176470588235
"2546",327,"Calories",1,5.95945945945946
"2547",327,"GDP",0,5.19047619047619
"2548",327,"GDP",1,6.14084507042254
"2549",327,"memory",0,4.96363636363636
"2550",327,"memory",1,5.61379310344828
"2551",327,"vision",0,3.91228070175439
"2552",327,"vision",1,4.13986013986014
"2553",328,"Calories",0,4.18181818181818
"2554",328,"Calories",1,5.66197183098592
"2555",328,"GDP",0,3.46428571428571
"2556",328,"GDP",1,4.85333333333333
"2557",328,"memory",0,2.57142857142857
"2558",328,"memory",1,5.62011173184358
"2559",328,"vision",0,2.17857142857143
"2560",328,"vision",1,3.30555555555556
"2561",329,"Calories",0,5.04
"2562",329,"Calories",1,6.09210526315789
"2563",329,"GDP",0,1.75
"2564",329,"GDP",1,2.32835820895522
"2565",329,"memory",0,2.57142857142857
"2566",329,"memory",1,4.8
"2567",329,"vision",0,3.72413793103448
"2568",329,"vision",1,4.79577464788732
"2569",330,"Calories",0,4.38235294117647
"2570",330,"Calories",1,5.02597402597403
"2571",330,"GDP",0,3.5
"2572",330,"GDP",1,4.63934426229508
"2573",330,"memory",0,2.6046511627907
"2574",330,"memory",1,5.03184713375796
"2575",330,"vision",0,4.48275862068965
"2576",330,"vision",1,4.84507042253521
